"day","floor","zone","time","max","mean","grFlZone"
"1","1","8","00:00:00",0,0,"F:1-Z:8"
"1","1","8","01:00:00",0,0,"F:1-Z:8"
"1","1","8","02:00:00",0,0,"F:1-Z:8"
"1","1","8","03:00:00",0,0,"F:1-Z:8"
"1","1","8","04:00:00",0,0,"F:1-Z:8"
"1","1","8","05:00:00",0.000861394516785692,0.000861394516785692,"F:1-Z:8"
"1","1","8","06:00:00",0.00459410408952369,0.00459410408952369,"F:1-Z:8"
"1","1","8","07:00:00",0.00401984107833323,0.00401984107833323,"F:1-Z:8"
"1","1","8","08:00:00",0.00133994702611108,0.00133994702611108,"F:1-Z:8"
"1","1","8","09:00:00",0,0,"F:1-Z:8"
"1","1","8","10:00:00",0,0,"F:1-Z:8"
"1","1","8","11:00:00",0.00210563104103169,0.00210563104103169,"F:1-Z:8"
"1","1","8","12:00:00",0,0,"F:1-Z:8"
"1","1","8","13:00:00",0,0,"F:1-Z:8"
"1","1","8","14:00:00",0,0,"F:1-Z:8"
"1","1","8","15:00:00",0,0,"F:1-Z:8"
"1","1","8","16:00:00",0,0,"F:1-Z:8"
"1","1","8","17:00:00",0.00449839358765861,0.00449839358765861,"F:1-Z:8"
"1","1","8","18:00:00",0.00459410408952369,0.00459410408952369,"F:1-Z:8"
"1","1","8","19:00:00",0.0268946510240866,0.0268946510240866,"F:1-Z:8"
"1","1","8","20:00:00",0.0363699907087292,0.0363699907087292,"F:1-Z:8"
"1","1","8","21:00:00",0.0340729386639674,0.0340729386639674,"F:1-Z:8"
"1","1","8","22:00:00",0.0208648894065868,0.0208648894065868,"F:1-Z:8"
"1","1","8","23:00:00",0.00880536617158707,0.00880536617158707,"F:1-Z:8"
"1","2","2","00:00:00",0.0193345210364988,0.0193345210364988,"F:2-Z:2"
"1","2","2","01:00:00",0.0159974239892739,0.0159974239892739,"F:2-Z:2"
"1","2","2","02:00:00",0.013382791251242,0.013382791251242,"F:2-Z:2"
"1","2","2","03:00:00",0.0114218166977181,0.0114218166977181,"F:2-Z:2"
"1","2","2","04:00:00",0.0138300310616949,0.0138300310616949,"F:2-Z:2"
"1","2","2","05:00:00",0.0193345210364988,0.0193345210364988,"F:2-Z:2"
"1","2","2","06:00:00",0.0185088475402782,0.0185088475402782,"F:2-Z:2"
"1","2","2","07:00:00",0.0188184751013609,0.0188184751013609,"F:2-Z:2"
"1","2","2","08:00:00",0.0168230974854945,0.0168230974854945,"F:2-Z:2"
"1","2","2","09:00:00",0.0213643017147077,0.0213643017147077,"F:2-Z:2"
"1","2","2","10:00:00",0.0181992199791955,0.0181992199791955,"F:2-Z:2"
"1","2","2","11:00:00",0.0169951127972071,0.0169951127972071,"F:2-Z:2"
"1","2","2","12:00:00",0.0534279558179406,0.0534279558179406,"F:2-Z:2"
"1","2","2","13:00:00",0.0939891663197771,0.0939891663197771,"F:2-Z:2"
"1","2","2","14:00:00",0.0885534824696582,0.0885534824696582,"F:2-Z:2"
"1","2","2","15:00:00",0.119860269201356,0.119860269201356,"F:2-Z:2"
"1","2","2","16:00:00",0.155295423414156,0.155295423414156,"F:2-Z:2"
"1","2","2","17:00:00",0.137509040183071,0.137509040183071,"F:2-Z:2"
"1","2","2","18:00:00",0.121752437630194,0.121752437630194,"F:2-Z:2"
"1","2","2","19:00:00",0.109504947436256,0.109504947436256,"F:2-Z:2"
"1","2","2","20:00:00",0.0979455184891674,0.0979455184891674,"F:2-Z:2"
"1","2","2","21:00:00",0.0878310181604652,0.0878310181604652,"F:2-Z:2"
"1","2","2","22:00:00",0.0755147218418414,0.0755147218418414,"F:2-Z:2"
"1","2","2","23:00:00",0.060342971348788,0.060342971348788,"F:2-Z:2"
"1","2","4","00:00:00",0.0176852645064334,0.0176852645064334,"F:2-Z:4"
"1","2","4","01:00:00",0.0147480265202251,0.0147480265202251,"F:2-Z:4"
"1","2","4","02:00:00",0.0124600727204417,0.0124600727204417,"F:2-Z:4"
"1","2","4","03:00:00",0.0107286482233084,0.0107286482233084,"F:2-Z:4"
"1","2","4","04:00:00",0.0151808826445084,0.0151808826445084,"F:2-Z:4"
"1","2","4","05:00:00",0.0182108755144917,0.0182108755144917,"F:2-Z:4"
"1","2","4","06:00:00",0.0177471010956167,0.0177471010956167,"F:2-Z:4"
"1","2","4","07:00:00",0.0176234279172501,0.0176234279172501,"F:2-Z:4"
"1","2","4","08:00:00",0.0149953728769584,0.0149953728769584,"F:2-Z:4"
"1","2","4","09:00:00",0.0187983231117334,0.0187983231117334,"F:2-Z:4"
"1","2","4","10:00:00",0.0158301668309334,0.0158301668309334,"F:2-Z:4"
"1","2","4","11:00:00",0.0154900655904251,0.0154900655904251,"F:2-Z:4"
"1","2","4","12:00:00",0.0614346513536419,0.0614346513536419,"F:2-Z:4"
"1","2","4","13:00:00",0.0841286795839253,0.0841286795839253,"F:2-Z:4"
"1","2","4","14:00:00",0.0794909353951753,0.0794909353951753,"F:2-Z:4"
"1","2","4","15:00:00",0.108832396962667,0.108832396962667,"F:2-Z:4"
"1","2","4","16:00:00",0.139627018375967,0.139627018375967,"F:2-Z:4"
"1","2","4","17:00:00",0.123642260072075,0.123642260072075,"F:2-Z:4"
"1","2","4","18:00:00",0.1094507628545,0.1094507628545,"F:2-Z:4"
"1","2","4","19:00:00",0.098629359747417,0.098629359747417,"F:2-Z:4"
"1","2","4","20:00:00",0.0885499957105337,0.0885499957105337,"F:2-Z:4"
"1","2","4","21:00:00",0.0791508341546669,0.0791508341546669,"F:2-Z:4"
"1","2","4","22:00:00",0.0680820846908503,0.0680820846908503,"F:2-Z:4"
"1","2","4","23:00:00",0.0542925253029669,0.0542925253029669,"F:2-Z:4"
"1","3","1","00:00:00",0.336247404747524,0.336247404747524,"F:3-Z:1"
"1","3","1","01:00:00",0.310309626544938,0.310309626544938,"F:3-Z:1"
"1","3","1","02:00:00",0.287574749289088,0.287574749289088,"F:3-Z:1"
"1","3","1","03:00:00",0.266841685124948,0.266841685124948,"F:3-Z:1"
"1","3","1","04:00:00",0.247824460753703,0.247824460753703,"F:3-Z:1"
"1","3","1","05:00:00",0.330956898719433,0.330956898719433,"F:3-Z:1"
"1","3","1","06:00:00",0.483151888349159,0.483151888349159,"F:3-Z:1"
"1","3","1","07:00:00",0.539460030885974,0.539460030885974,"F:3-Z:1"
"1","3","1","08:00:00",0.444230922380339,0.444230922380339,"F:3-Z:1"
"1","3","1","09:00:00",0.385749382772525,0.385749382772525,"F:3-Z:1"
"1","3","1","10:00:00",0.338620983127694,0.338620983127694,"F:3-Z:1"
"1","3","1","11:00:00",0.296983270820125,0.296983270820125,"F:3-Z:1"
"1","3","1","12:00:00",0.254201665317293,0.254201665317293,"F:3-Z:1"
"1","3","1","13:00:00",0.160802785924079,0.160802785924079,"F:3-Z:1"
"1","3","1","14:00:00",0.00391783419377535,0.00391783419377535,"F:3-Z:1"
"1","3","1","15:00:00",0.13497939704102,0.13497939704102,"F:3-Z:1"
"1","3","1","16:00:00",0.130032058971508,0.130032058971508,"F:3-Z:1"
"1","3","1","17:00:00",0.0915972476106751,0.0915972476106751,"F:3-Z:1"
"1","3","1","18:00:00",0.00314570628697292,0.00314570628697292,"F:3-Z:1"
"1","3","1","19:00:00",0.00225918906064417,0.00225918906064417,"F:3-Z:1"
"1","3","1","20:00:00",0.0343167958578864,0.0343167958578864,"F:3-Z:1"
"1","3","1","21:00:00",0.0256804022336517,0.0256804022336517,"F:3-Z:1"
"1","3","1","22:00:00",0.0334302786315577,0.0334302786315577,"F:3-Z:1"
"1","3","1","23:00:00",0.0473857756137648,0.0473857756137648,"F:3-Z:1"
"2","1","8","00:00:00",0,0,"F:1-Z:8"
"2","1","8","01:00:00",0,0,"F:1-Z:8"
"2","1","8","02:00:00",0,0,"F:1-Z:8"
"2","1","8","03:00:00",0,0,"F:1-Z:8"
"2","1","8","04:00:00",0,0,"F:1-Z:8"
"2","1","8","05:00:00",0.000861394516785692,0.000861394516785692,"F:1-Z:8"
"2","1","8","06:00:00",0.00459410408952369,0.00459410408952369,"F:1-Z:8"
"2","1","8","07:00:00",0.00401984107833323,0.00401984107833323,"F:1-Z:8"
"2","1","8","08:00:00",0.00133994702611108,0.00133994702611108,"F:1-Z:8"
"2","1","8","09:00:00",0,0,"F:1-Z:8"
"2","1","8","10:00:00",0,0,"F:1-Z:8"
"2","1","8","11:00:00",0.00210563104103169,0.00210563104103169,"F:1-Z:8"
"2","1","8","12:00:00",0,0,"F:1-Z:8"
"2","1","8","13:00:00",0,0,"F:1-Z:8"
"2","1","8","14:00:00",0,0,"F:1-Z:8"
"2","1","8","15:00:00",0,0,"F:1-Z:8"
"2","1","8","16:00:00",0,0,"F:1-Z:8"
"2","1","8","17:00:00",0.00449839358765861,0.00449839358765861,"F:1-Z:8"
"2","1","8","18:00:00",0.00459410408952369,0.00459410408952369,"F:1-Z:8"
"2","1","8","19:00:00",0.0268946510240866,0.0268946510240866,"F:1-Z:8"
"2","1","8","20:00:00",0.0363699907087292,0.0363699907087292,"F:1-Z:8"
"2","1","8","21:00:00",0.0340729386639674,0.0340729386639674,"F:1-Z:8"
"2","1","8","22:00:00",0.0208648894065868,0.0208648894065868,"F:1-Z:8"
"2","1","8","23:00:00",0.00880536617158707,0.00880536617158707,"F:1-Z:8"
"2","2","2","00:00:00",0.0193345210364988,0.0193345210364988,"F:2-Z:2"
"2","2","2","01:00:00",0.0159974239892739,0.0159974239892739,"F:2-Z:2"
"2","2","2","02:00:00",0.013382791251242,0.013382791251242,"F:2-Z:2"
"2","2","2","03:00:00",0.0114218166977181,0.0114218166977181,"F:2-Z:2"
"2","2","2","04:00:00",0.00357791848362255,0.00357791848362255,"F:2-Z:2"
"2","2","2","05:00:00",0.0556641548702047,0.0556641548702047,"F:2-Z:2"
"2","2","2","06:00:00",0.191625057247862,0.191625057247862,"F:2-Z:2"
"2","2","2","07:00:00",0.440600019420712,0.440600019420712,"F:2-Z:2"
"2","2","2","08:00:00",0.600023810315971,0.600023810315971,"F:2-Z:2"
"2","2","2","09:00:00",0.540988155336198,0.540988155336198,"F:2-Z:2"
"2","2","2","10:00:00",0.458351999589454,0.458351999589454,"F:2-Z:2"
"2","2","2","11:00:00",0.381117124630487,0.381117124630487,"F:2-Z:2"
"2","2","2","12:00:00",0.277116667169035,0.277116667169035,"F:2-Z:2"
"2","2","2","13:00:00",0.179721597677348,0.179721597677348,"F:2-Z:2"
"2","2","2","14:00:00",0.137612249370098,0.137612249370098,"F:2-Z:2"
"2","2","2","15:00:00",0.0678428389394584,0.0678428389394584,"F:2-Z:2"
"2","2","2","16:00:00",0.00172015311712624,0.00172015311712624,"F:2-Z:2"
"2","2","2","17:00:00",0.00698382165553247,0.00698382165553247,"F:2-Z:2"
"2","2","2","18:00:00",0.0144836892462028,0.0144836892462028,"F:2-Z:2"
"2","2","2","19:00:00",0.018956087350731,0.018956087350731,"F:2-Z:2"
"2","2","2","20:00:00",0.0234284854552592,0.0234284854552592,"F:2-Z:2"
"2","2","2","21:00:00",0.0272128223129369,0.0272128223129369,"F:2-Z:2"
"2","2","2","22:00:00",0.0267311794401416,0.0267311794401416,"F:2-Z:2"
"2","2","2","23:00:00",0.0205730312808297,0.0205730312808297,"F:2-Z:2"
"2","2","4","00:00:00",0.0176852645064334,0.0176852645064334,"F:2-Z:4"
"2","2","4","01:00:00",0.0147480265202251,0.0147480265202251,"F:2-Z:4"
"2","2","4","02:00:00",0.0124600727204417,0.0124600727204417,"F:2-Z:4"
"2","2","4","03:00:00",0.0107286482233084,0.0107286482233084,"F:2-Z:4"
"2","2","4","04:00:00",0.00151499643499167,0.00151499643499167,"F:2-Z:4"
"2","2","4","05:00:00",0.0762754327576419,0.0762754327576419,"F:2-Z:4"
"2","2","4","06:00:00",0.233742307113001,0.233742307113001,"F:2-Z:4"
"2","2","4","07:00:00",0.466433392209885,0.466433392209885,"F:2-Z:4"
"2","2","4","08:00:00",0.555818181874394,0.555818181874394,"F:2-Z:4"
"2","2","4","09:00:00",0.485417225089168,0.485417225089168,"F:2-Z:4"
"2","2","4","10:00:00",0.410162096053051,0.410162096053051,"F:2-Z:4"
"2","2","4","11:00:00",0.345635615240243,0.345635615240243,"F:2-Z:4"
"2","2","4","12:00:00",0.238287296417976,0.238287296417976,"F:2-Z:4"
"2","2","4","13:00:00",0.164516245522259,0.164516245522259,"F:2-Z:4"
"2","2","4","14:00:00",0.127105109066342,0.127105109066342,"F:2-Z:4"
"2","2","4","15:00:00",0.0618984257725169,0.0618984257725169,"F:2-Z:4"
"2","2","4","16:00:00",0.00154591472958335,0.00154591472958335,"F:2-Z:4"
"2","2","4","17:00:00",0.00621457721292502,0.00621457721292502,"F:2-Z:4"
"2","2","4","18:00:00",0.0128620105501334,0.0128620105501334,"F:2-Z:4"
"2","2","4","19:00:00",0.0165722059011334,0.0165722059011334,"F:2-Z:4"
"2","2","4","20:00:00",0.0205297476088667,0.0205297476088667,"F:2-Z:4"
"2","2","4","21:00:00",0.0244254527274168,0.0244254527274168,"F:2-Z:4"
"2","2","4","22:00:00",0.0239925966031334,0.0239925966031334,"F:2-Z:4"
"2","2","4","23:00:00",0.0184273035766334,0.0184273035766334,"F:2-Z:4"
"2","3","1","00:00:00",0.253715510709307,0.253715510709307,"F:3-Z:1"
"2","3","1","01:00:00",0.235098648956403,0.235098648956403,"F:3-Z:1"
"2","3","1","02:00:00",0.218197626996394,0.218197626996394,"F:3-Z:1"
"2","3","1","03:00:00",0.202497692891411,0.202497692891411,"F:3-Z:1"
"2","3","1","04:00:00",0.188113235960981,0.188113235960981,"F:3-Z:1"
"2","3","1","05:00:00",0.265068650672291,0.265068650672291,"F:3-Z:1"
"2","3","1","06:00:00",0.413717571396702,0.413717571396702,"F:3-Z:1"
"2","3","1","07:00:00",0.479748806093252,0.479748806093252,"F:3-Z:1"
"2","3","1","08:00:00",0.398875557188166,0.398875557188166,"F:3-Z:1"
"2","3","1","09:00:00",0.350117109740086,0.350117109740086,"F:3-Z:1"
"2","3","1","10:00:00",0.310595599843753,0.310595599843753,"F:3-Z:1"
"2","3","1","11:00:00",0.274963326811315,0.274963326811315,"F:3-Z:1"
"2","3","1","12:00:00",0.236871683409061,0.236871683409061,"F:3-Z:1"
"2","3","1","13:00:00",0.202612082210938,0.202612082210938,"F:3-Z:1"
"2","3","1","14:00:00",0.30453296590886,0.30453296590886,"F:3-Z:1"
"2","3","1","15:00:00",0.404995385782823,0.404995385782823,"F:3-Z:1"
"2","3","1","16:00:00",0.353148426707533,0.353148426707533,"F:3-Z:1"
"2","3","1","17:00:00",0.168924427610446,0.168924427610446,"F:3-Z:1"
"2","3","1","18:00:00",0.121824625295497,0.121824625295497,"F:3-Z:1"
"2","3","1","19:00:00",0.453410665272324,0.453410665272324,"F:3-Z:1"
"2","3","1","20:00:00",0.634517555412319,0.634517555412319,"F:3-Z:1"
"2","3","1","21:00:00",0.802555465796436,0.802555465796436,"F:3-Z:1"
"2","3","1","22:00:00",0.900958877918926,0.900958877918926,"F:3-Z:1"
"2","3","1","23:00:00",1.06036039467881,1.06036039467881,"F:3-Z:1"
"3","1","8","00:00:00",0,0,"F:1-Z:8"
"3","1","8","01:00:00",0,0,"F:1-Z:8"
"3","1","8","02:00:00",0,0,"F:1-Z:8"
"3","1","8","03:00:00",0,0,"F:1-Z:8"
"3","1","8","04:00:00",0,0,"F:1-Z:8"
"3","1","8","05:00:00",0.000861394516785692,0.000861394516785692,"F:1-Z:8"
"3","1","8","06:00:00",0.00459410408952369,0.00459410408952369,"F:1-Z:8"
"3","1","8","07:00:00",0.00401984107833323,0.00401984107833323,"F:1-Z:8"
"3","1","8","08:00:00",0.00133994702611108,0.00133994702611108,"F:1-Z:8"
"3","1","8","09:00:00",0,0,"F:1-Z:8"
"3","1","8","10:00:00",0,0,"F:1-Z:8"
"3","1","8","11:00:00",0.92150071195696,0.92150071195696,"F:1-Z:8"
"3","1","8","12:00:00",2.01891732634193,2.01891732634193,"F:1-Z:8"
"3","1","8","13:00:00",2.39869659774256,2.39869659774256,"F:1-Z:8"
"3","1","8","14:00:00",2.53135135332755,2.53135135332755,"F:1-Z:8"
"3","1","8","15:00:00",2.58016370927874,2.58016370927874,"F:1-Z:8"
"3","1","8","16:00:00",2.59873154664057,2.59873154664057,"F:1-Z:8"
"3","1","8","17:00:00",2.60016720416854,2.60016720416854,"F:1-Z:8"
"3","1","8","18:00:00",2.36060381800026,2.36060381800026,"F:1-Z:8"
"3","1","8","19:00:00",0.973280093465967,0.973280093465967,"F:1-Z:8"
"3","1","8","20:00:00",0.315078972139833,0.315078972139833,"F:1-Z:8"
"3","1","8","21:00:00",0.089585029745712,0.089585029745712,"F:1-Z:8"
"3","1","8","22:00:00",0.0367528327161895,0.0367528327161895,"F:1-Z:8"
"3","1","8","23:00:00",0.0147394172872218,0.0147394172872218,"F:1-Z:8"
"3","2","2","00:00:00",0.0132107759395294,0.0132107759395294,"F:2-Z:2"
"3","2","2","01:00:00",0.0113186075106906,0.0113186075106906,"F:2-Z:2"
"3","2","2","02:00:00",0.00973606664293445,0.00973606664293445,"F:2-Z:2"
"3","2","2","03:00:00",0.00860076558563114,0.00860076558563114,"F:2-Z:2"
"3","2","2","04:00:00",0.00357791848362255,0.00357791848362255,"F:2-Z:2"
"3","2","2","05:00:00",0.00385314298236275,0.00385314298236275,"F:2-Z:2"
"3","2","2","06:00:00",0.00337150010956741,0.00337150010956741,"F:2-Z:2"
"3","2","2","07:00:00",0.00313067867316974,0.00313067867316974,"F:2-Z:2"
"3","2","2","08:00:00",0.00230500517694914,0.00230500517694914,"F:2-Z:2"
"3","2","2","09:00:00",0.00911681152076901,0.00911681152076901,"F:2-Z:2"
"3","2","2","10:00:00",0.00815352577517832,0.00815352577517832,"F:2-Z:2"
"3","2","2","11:00:00",0.00866957171031618,0.00866957171031618,"F:2-Z:2"
"3","2","2","12:00:00",0.0464785372247507,0.0464785372247507,"F:2-Z:2"
"3","2","2","13:00:00",0.088278257970918,0.088278257970918,"F:2-Z:2"
"3","2","2","14:00:00",0.0838746659910748,0.0838746659910748,"F:2-Z:2"
"3","2","2","15:00:00",0.0423845728059902,0.0423845728059902,"F:2-Z:2"
"3","2","2","16:00:00",0.199468955461957,0.199468955461957,"F:2-Z:2"
"3","2","2","17:00:00",0.471838000027724,0.471838000027724,"F:2-Z:2"
"3","2","2","18:00:00",0.64908257721641,0.64908257721641,"F:2-Z:2"
"3","2","2","19:00:00",0.75387430511174,0.75387430511174,"F:2-Z:2"
"3","2","2","20:00:00",0.917976912485582,0.917976912485582,"F:2-Z:2"
"3","2","2","21:00:00",1.10368464301053,1.10368464301053,"F:2-Z:2"
"3","2","2","22:00:00",1.10003791840222,1.10003791840222,"F:2-Z:2"
"3","2","2","23:00:00",0.978698317520138,0.978698317520138,"F:2-Z:2"
"3","2","4","00:00:00",0.0121818080691167,0.0121818080691167,"F:2-Z:4"
"3","2","4","01:00:00",0.0105431384557584,0.0105431384557584,"F:2-Z:4"
"3","2","4","02:00:00",0.00918273349372504,0.00918273349372504,"F:2-Z:4"
"3","2","4","03:00:00",0.0081933480667917,0.0081933480667917,"F:2-Z:4"
"3","2","4","04:00:00",0.00151499643499167,0.00151499643499167,"F:2-Z:4"
"3","2","4","05:00:00",0.00330825752130835,0.00330825752130835,"F:2-Z:4"
"3","2","4","06:00:00",0.00302999286998335,0.00302999286998335,"F:2-Z:4"
"3","2","4","07:00:00",0.00265897333488334,0.00265897333488334,"F:2-Z:4"
"3","2","4","08:00:00",0.00200968914845834,0.00200968914845834,"F:2-Z:4"
"3","2","4","09:00:00",0.00803875659383336,0.00803875659383336,"F:2-Z:4"
"3","2","4","10:00:00",0.00692569798853336,0.00692569798853336,"F:2-Z:4"
"3","2","4","11:00:00",0.0080078382992417,0.0080078382992417,"F:2-Z:4"
"3","2","4","12:00:00",0.0552509924353085,0.0552509924353085,"F:2-Z:4"
"3","2","4","13:00:00",0.0791199158600753,0.0791199158600753,"F:2-Z:4"
"3","2","4","14:00:00",0.0752242107415253,0.0752242107415253,"F:2-Z:4"
"3","2","4","15:00:00",0.0369164437424501,0.0369164437424501,"F:2-Z:4"
"3","2","4","16:00:00",0.183283650339401,0.183283650339401,"F:2-Z:4"
"3","2","4","17:00:00",0.42682705683796,0.42682705683796,"F:2-Z:4"
"3","2","4","18:00:00",0.575451298940102,0.575451298940102,"F:2-Z:4"
"3","2","4","19:00:00",0.680635337140953,0.680635337140953,"F:2-Z:4"
"3","2","4","20:00:00",0.843574749639036,0.843574749639036,"F:2-Z:4"
"3","2","4","21:00:00",0.963166713119604,0.963166713119604,"F:2-Z:4"
"3","2","4","22:00:00",0.99241541980332,0.99241541980332,"F:2-Z:4"
"3","2","4","23:00:00",0.915490702859253,0.915490702859253,"F:2-Z:4"
"3","3","1","00:00:00",0.918546235796093,0.918546235796093,"F:3-Z:1"
"3","3","1","01:00:00",1.07351516642433,1.07351516642433,"F:3-Z:1"
"3","3","1","02:00:00",1.55918361980307,1.55918361980307,"F:3-Z:1"
"3","3","1","03:00:00",2.03152571745699,2.03152571745699,"F:3-Z:1"
"3","3","1","04:00:00",2.47138124836545,2.47138124836545,"F:3-Z:1"
"3","3","1","05:00:00",2.9270797000283,2.9270797000283,"F:3-Z:1"
"3","3","1","06:00:00",3.45092558879894,3.45092558879894,"F:3-Z:1"
"3","3","1","07:00:00",3.28829257376244,3.28829257376244,"F:3-Z:1"
"3","3","1","08:00:00",2.71422977371976,2.71422977371976,"F:3-Z:1"
"3","3","1","09:00:00",2.24491899303328,2.24491899303328,"F:3-Z:1"
"3","3","1","10:00:00",1.75304491907025,1.75304491907025,"F:3-Z:1"
"3","3","1","11:00:00",1.34427468574305,1.34427468574305,"F:3-Z:1"
"3","3","1","12:00:00",1.02861735851026,1.02861735851026,"F:3-Z:1"
"3","3","1","13:00:00",0.7920602457299,0.7920602457299,"F:3-Z:1"
"3","3","1","14:00:00",0.494190457683446,0.494190457683446,"F:3-Z:1"
"3","3","1","15:00:00",0.237986979274442,0.237986979274442,"F:3-Z:1"
"3","3","1","16:00:00",0.142557689459636,0.142557689459636,"F:3-Z:1"
"3","3","1","17:00:00",0.0942282019597798,0.0942282019597798,"F:3-Z:1"
"3","3","1","18:00:00",0.00314570628697292,0.00314570628697292,"F:3-Z:1"
"3","3","1","19:00:00",0.00225918906064421,0.00225918906064421,"F:3-Z:1"
"3","3","1","20:00:00",0.0380344487424908,0.0380344487424908,"F:3-Z:1"
"3","3","1","21:00:00",0.0279681886241774,0.0279681886241774,"F:3-Z:1"
"3","3","1","22:00:00",0.0230780452144286,0.0230780452144286,"F:3-Z:1"
"3","3","1","23:00:00",0.0245079117085072,0.0245079117085072,"F:3-Z:1"
"4","1","8","00:00:00",0.00354128856900784,0.00354128856900784,"F:1-Z:8"
"4","1","8","01:00:00",0.00143565752797615,0.00143565752797615,"F:1-Z:8"
"4","1","8","02:00:00",0,0,"F:1-Z:8"
"4","1","8","03:00:00",0,0,"F:1-Z:8"
"4","1","8","04:00:00",0,0,"F:1-Z:8"
"4","1","8","05:00:00",0,0,"F:1-Z:8"
"4","1","8","06:00:00",0,0,"F:1-Z:8"
"4","1","8","07:00:00",0,0,"F:1-Z:8"
"4","1","8","08:00:00",0,0,"F:1-Z:8"
"4","1","8","09:00:00",0,0,"F:1-Z:8"
"4","1","8","10:00:00",0,0,"F:1-Z:8"
"4","1","8","11:00:00",0.0172278903357138,0.0172278903357138,"F:1-Z:8"
"4","1","8","12:00:00",0.0123466547405949,0.0123466547405949,"F:1-Z:8"
"4","1","8","13:00:00",0.0090924976771823,0.0090924976771823,"F:1-Z:8"
"4","1","8","14:00:00",0.0066040246286903,0.0066040246286903,"F:1-Z:8"
"4","1","8","15:00:00",0.00488123559511892,0.00488123559511892,"F:1-Z:8"
"4","1","8","16:00:00",0.00344557806714277,0.00344557806714277,"F:1-Z:8"
"4","1","8","17:00:00",0.00239276254662692,0.00239276254662692,"F:1-Z:8"
"4","1","8","18:00:00",0.00191421003730154,0.00191421003730154,"F:1-Z:8"
"4","1","8","19:00:00",0.00105281552051585,0.00105281552051585,"F:1-Z:8"
"4","1","8","20:00:00",0,0,"F:1-Z:8"
"4","1","8","21:00:00",0,0,"F:1-Z:8"
"4","1","8","22:00:00",0,0,"F:1-Z:8"
"4","1","8","23:00:00",0,0,"F:1-Z:8"
"4","2","2","00:00:00",0.132417386956377,0.132417386956377,"F:2-Z:2"
"4","2","2","01:00:00",0.101351421661077,0.101351421661077,"F:2-Z:2"
"4","2","2","02:00:00",0.0795742831982593,0.0795742831982593,"F:2-Z:2"
"4","2","2","03:00:00",0.0639896959570957,0.0639896959570957,"F:2-Z:2"
"4","2","2","04:00:00",0.0525334761970349,0.0525334761970349,"F:2-Z:2"
"4","2","2","05:00:00",0.0446895779829394,0.0446895779829394,"F:2-Z:2"
"4","2","2","06:00:00",0.0609622264709536,0.0609622264709536,"F:2-Z:2"
"4","2","2","07:00:00",0.131935744083582,0.131935744083582,"F:2-Z:2"
"4","2","2","08:00:00",0.147279509888348,0.147279509888348,"F:2-Z:2"
"4","2","2","09:00:00",0.13640814218811,0.13640814218811,"F:2-Z:2"
"4","2","2","10:00:00",0.170983219842347,0.170983219842347,"F:2-Z:2"
"4","2","2","11:00:00",0.179377567053923,0.179377567053923,"F:2-Z:2"
"4","2","2","12:00:00",0.146419433329784,0.146419433329784,"F:2-Z:2"
"4","2","2","13:00:00",0.185673327462605,0.185673327462605,"F:2-Z:2"
"4","2","2","14:00:00",0.22361990522641,0.22361990522641,"F:2-Z:2"
"4","2","2","15:00:00",0.278905626410847,0.278905626410847,"F:2-Z:2"
"4","2","2","16:00:00",0.320223704284218,0.320223704284218,"F:2-Z:2"
"4","2","2","17:00:00",0.363709175085169,0.363709175085169,"F:2-Z:2"
"4","2","2","18:00:00",0.377780027583262,0.377780027583262,"F:2-Z:2"
"4","2","2","19:00:00",0.351530491015916,0.351530491015916,"F:2-Z:2"
"4","2","2","20:00:00",0.344374654048671,0.344374654048671,"F:2-Z:2"
"4","2","2","21:00:00",0.346026001041112,0.346026001041112,"F:2-Z:2"
"4","2","2","22:00:00",0.339042179385579,0.339042179385579,"F:2-Z:2"
"4","2","2","23:00:00",0.323044755396305,0.323044755396305,"F:2-Z:2"
"4","2","4","00:00:00",0.1035144502929,0.1035144502929,"F:2-Z:4"
"4","2","4","01:00:00",0.081747970900367,0.081747970900367,"F:2-Z:4"
"4","2","4","02:00:00",0.0663506601937169,0.0663506601937169,"F:2-Z:4"
"4","2","4","03:00:00",0.0550964009623502,0.0550964009623502,"F:2-Z:4"
"4","2","4","04:00:00",0.0465011150658669,0.0465011150658669,"F:2-Z:4"
"4","2","4","05:00:00",0.0399155183178417,0.0399155183178417,"F:2-Z:4"
"4","2","4","06:00:00",0.062269445307617,0.062269445307617,"F:2-Z:4"
"4","2","4","07:00:00",0.133134176511717,0.133134176511717,"F:2-Z:4"
"4","2","4","08:00:00",0.116376460843034,0.116376460843034,"F:2-Z:4"
"4","2","4","09:00:00",0.099742418352717,0.099742418352717,"F:2-Z:4"
"4","2","4","10:00:00",0.147047409077967,0.147047409077967,"F:2-Z:4"
"4","2","4","11:00:00",0.0928167203641837,0.0928167203641837,"F:2-Z:4"
"4","2","4","12:00:00",0.129362144571534,0.129362144571534,"F:2-Z:4"
"4","2","4","13:00:00",0.164361654049301,0.164361654049301,"F:2-Z:4"
"4","2","4","14:00:00",0.324394746855768,0.324394746855768,"F:2-Z:4"
"4","2","4","15:00:00",0.575111197699594,0.575111197699594,"F:2-Z:4"
"4","2","4","16:00:00",0.38341777123126,0.38341777123126,"F:2-Z:4"
"4","2","4","17:00:00",0.370895861921635,0.370895861921635,"F:2-Z:4"
"4","2","4","18:00:00",0.379181964872201,0.379181964872201,"F:2-Z:4"
"4","2","4","19:00:00",0.354509165788051,0.354509165788051,"F:2-Z:4"
"4","2","4","20:00:00",0.352468558345001,0.352468558345001,"F:2-Z:4"
"4","2","4","21:00:00",0.358590380674151,0.358590380674151,"F:2-Z:4"
"4","2","4","22:00:00",0.351231826561335,0.351231826561335,"F:2-Z:4"
"4","2","4","23:00:00",0.332433503449601,0.332433503449601,"F:2-Z:4"
"4","3","1","00:00:00",0.0494733806951195,0.0494733806951195,"F:3-Z:1"
"4","3","1","01:00:00",0.0459845064495678,0.0459845064495678,"F:3-Z:1"
"4","3","1","02:00:00",0.0427244108430686,0.0427244108430686,"F:3-Z:1"
"4","3","1","03:00:00",0.0397216912055035,0.0397216912055035,"F:3-Z:1"
"4","3","1","04:00:00",0.036947750206991,0.036947750206991,"F:3-Z:1"
"4","3","1","05:00:00",0.0343167958578864,0.0343167958578864,"F:3-Z:1"
"4","3","1","06:00:00",0.0337448492602549,0.0337448492602549,"F:3-Z:1"
"4","3","1","07:00:00",0.03019878035494,0.03019878035494,"F:3-Z:1"
"4","3","1","08:00:00",0.0235927971522969,0.0235927971522969,"F:3-Z:1"
"4","3","1","09:00:00",0.0185882644230218,0.0185882644230218,"F:3-Z:1"
"4","3","1","10:00:00",0.0147276248890096,0.0147276248890096,"F:3-Z:1"
"4","3","1","11:00:00",0.0674039065308652,0.0674039065308652,"F:3-Z:1"
"4","3","1","12:00:00",0.382889649784367,0.382889649784367,"F:3-Z:1"
"4","3","1","13:00:00",0.676813006307164,0.676813006307164,"F:3-Z:1"
"4","3","1","14:00:00",0.670607385722863,0.670607385722863,"F:3-Z:1"
"4","3","1","15:00:00",0.624737268592822,0.624737268592822,"F:3-Z:1"
"4","3","1","16:00:00",0.581841273770464,0.581841273770464,"F:3-Z:1"
"4","3","1","17:00:00",0.541290259998395,0.541290259998395,"F:3-Z:1"
"4","3","1","18:00:00",0.503284408585786,0.503284408585786,"F:3-Z:1"
"4","3","1","19:00:00",0.467938108852163,0.467938108852163,"F:3-Z:1"
"4","3","1","20:00:00",0.434993984828592,0.434993984828592,"F:3-Z:1"
"4","3","1","21:00:00",0.404337647195546,0.404337647195546,"F:3-Z:1"
"4","3","1","22:00:00",0.375854706633501,0.375854706633501,"F:3-Z:1"
"4","3","1","23:00:00",0.349402176493047,0.349402176493047,"F:3-Z:1"
"5","1","8","00:00:00",0.00507265659884907,0.00507265659884907,"F:1-Z:8"
"5","1","8","01:00:00",0.00143565752797615,0.00143565752797615,"F:1-Z:8"
"5","1","8","02:00:00",0,0,"F:1-Z:8"
"5","1","8","03:00:00",0,0,"F:1-Z:8"
"5","1","8","04:00:00",0,0,"F:1-Z:8"
"5","1","8","05:00:00",0,0,"F:1-Z:8"
"5","1","8","06:00:00",0,0,"F:1-Z:8"
"5","1","8","07:00:00",0,0,"F:1-Z:8"
"5","1","8","08:00:00",0,0,"F:1-Z:8"
"5","1","8","09:00:00",0,0,"F:1-Z:8"
"5","1","8","10:00:00",0,0,"F:1-Z:8"
"5","1","8","11:00:00",0.0172278903357138,0.0172278903357138,"F:1-Z:8"
"5","1","8","12:00:00",0.0123466547405949,0.0123466547405949,"F:1-Z:8"
"5","1","8","13:00:00",0.0090924976771823,0.0090924976771823,"F:1-Z:8"
"5","1","8","14:00:00",0.0066040246286903,0.0066040246286903,"F:1-Z:8"
"5","1","8","15:00:00",0.00488123559511892,0.00488123559511892,"F:1-Z:8"
"5","1","8","16:00:00",0.00344557806714277,0.00344557806714277,"F:1-Z:8"
"5","1","8","17:00:00",0.00239276254662692,0.00239276254662692,"F:1-Z:8"
"5","1","8","18:00:00",0.00191421003730154,0.00191421003730154,"F:1-Z:8"
"5","1","8","19:00:00",0.00105281552051585,0.00105281552051585,"F:1-Z:8"
"5","1","8","20:00:00",0,0,"F:1-Z:8"
"5","1","8","21:00:00",0,0,"F:1-Z:8"
"5","1","8","22:00:00",0,0,"F:1-Z:8"
"5","1","8","23:00:00",0,0,"F:1-Z:8"
"5","2","2","00:00:00",0.132417386956377,0.132417386956377,"F:2-Z:2"
"5","2","2","01:00:00",0.101351421661077,0.101351421661077,"F:2-Z:2"
"5","2","2","02:00:00",0.0795742831982593,0.0795742831982593,"F:2-Z:2"
"5","2","2","03:00:00",0.0639896959570957,0.0639896959570957,"F:2-Z:2"
"5","2","2","04:00:00",0.052533476197035,0.052533476197035,"F:2-Z:2"
"5","2","2","05:00:00",0.0446895779829394,0.0446895779829394,"F:2-Z:2"
"5","2","2","06:00:00",0.0609622264709535,0.0609622264709535,"F:2-Z:2"
"5","2","2","07:00:00",0.0487491393393573,0.0487491393393573,"F:2-Z:2"
"5","2","2","08:00:00",0.016135036238644,0.016135036238644,"F:2-Z:2"
"5","2","2","09:00:00",0.00705262778021753,0.00705262778021753,"F:2-Z:2"
"5","2","2","10:00:00",0.0227748272707513,0.0227748272707513,"F:2-Z:2"
"5","2","2","11:00:00",0.0344718684672096,0.0344718684672096,"F:2-Z:2"
"5","2","2","12:00:00",0.146419433329784,0.146419433329784,"F:2-Z:2"
"5","2","2","13:00:00",0.185673327462605,0.185673327462605,"F:2-Z:2"
"5","2","2","14:00:00",0.22361990522641,0.22361990522641,"F:2-Z:2"
"5","2","2","15:00:00",0.278905626410846,0.278905626410846,"F:2-Z:2"
"5","2","2","16:00:00",0.320223704284218,0.320223704284218,"F:2-Z:2"
"5","2","2","17:00:00",0.363709175085169,0.363709175085169,"F:2-Z:2"
"5","2","2","18:00:00",0.377780027583262,0.377780027583262,"F:2-Z:2"
"5","2","2","19:00:00",0.351530491015916,0.351530491015916,"F:2-Z:2"
"5","2","2","20:00:00",0.344374654048671,0.344374654048671,"F:2-Z:2"
"5","2","2","21:00:00",0.346026001041112,0.346026001041112,"F:2-Z:2"
"5","2","2","22:00:00",0.339042179385579,0.339042179385579,"F:2-Z:2"
"5","2","2","23:00:00",0.323044755396305,0.323044755396305,"F:2-Z:2"
"5","2","4","00:00:00",0.1035144502929,0.1035144502929,"F:2-Z:4"
"5","2","4","01:00:00",0.081747970900367,0.081747970900367,"F:2-Z:4"
"5","2","4","02:00:00",0.0663506601937169,0.0663506601937169,"F:2-Z:4"
"5","2","4","03:00:00",0.0550964009623502,0.0550964009623502,"F:2-Z:4"
"5","2","4","04:00:00",0.0465011150658668,0.0465011150658668,"F:2-Z:4"
"5","2","4","05:00:00",0.0399155183178418,0.0399155183178418,"F:2-Z:4"
"5","2","4","06:00:00",0.0622694453076169,0.0622694453076169,"F:2-Z:4"
"5","2","4","07:00:00",0.0268370797055668,0.0268370797055668,"F:2-Z:4"
"5","2","4","08:00:00",0.00061836589183335,0.00061836589183335,"F:2-Z:4"
"5","2","4","09:00:00",0.0197877085386667,0.0197877085386667,"F:2-Z:4"
"5","2","4","10:00:00",0.0326497190888001,0.0326497190888001,"F:2-Z:4"
"5","2","4","11:00:00",0.0928167203641837,0.0928167203641837,"F:2-Z:4"
"5","2","4","12:00:00",0.129362144571534,0.129362144571534,"F:2-Z:4"
"5","2","4","13:00:00",0.164361654049301,0.164361654049301,"F:2-Z:4"
"5","2","4","14:00:00",0.324394746855768,0.324394746855768,"F:2-Z:4"
"5","2","4","15:00:00",0.575111197699594,0.575111197699594,"F:2-Z:4"
"5","2","4","16:00:00",0.38341777123126,0.38341777123126,"F:2-Z:4"
"5","2","4","17:00:00",0.370895861921635,0.370895861921635,"F:2-Z:4"
"5","2","4","18:00:00",0.379181964872202,0.379181964872202,"F:2-Z:4"
"5","2","4","19:00:00",0.354509165788051,0.354509165788051,"F:2-Z:4"
"5","2","4","20:00:00",0.352468558345001,0.352468558345001,"F:2-Z:4"
"5","2","4","21:00:00",0.358590380674151,0.358590380674151,"F:2-Z:4"
"5","2","4","22:00:00",0.351231826561335,0.351231826561335,"F:2-Z:4"
"5","2","4","23:00:00",0.332433503449601,0.332433503449601,"F:2-Z:4"
"5","3","1","00:00:00",0.0538201748371185,0.0538201748371185,"F:3-Z:1"
"5","3","1","01:00:00",0.0499881326329878,0.0499881326329878,"F:3-Z:1"
"5","3","1","02:00:00",0.0466708423667255,0.0466708423667255,"F:3-Z:1"
"5","3","1","03:00:00",0.0431533707912921,0.0431533707912921,"F:3-Z:1"
"5","3","1","04:00:00",0.0402078458134902,0.0402078458134902,"F:3-Z:1"
"5","3","1","05:00:00",0.0375196968046225,0.0375196968046225,"F:3-Z:1"
"5","3","1","06:00:00",0.0366617769081753,0.0366617769081753,"F:3-Z:1"
"5","3","1","07:00:00",0.0326581507247552,0.0326581507247552,"F:3-Z:1"
"5","3","1","08:00:00",0.0255374155842438,0.0255374155842438,"F:3-Z:1"
"5","3","1","09:00:00",0.0197321576182847,0.0197321576182847,"F:3-Z:1"
"5","3","1","10:00:00",0.0152423768268779,0.0152423768268779,"F:3-Z:1"
"5","3","1","11:00:00",0.0906249383947016,0.0906249383947016,"F:3-Z:1"
"5","3","1","12:00:00",0.40113474624881,0.40113474624881,"F:3-Z:1"
"5","3","1","13:00:00",0.69128325522724,0.69128325522724,"F:3-Z:1"
"5","3","1","14:00:00",0.681703149716913,0.681703149716913,"F:3-Z:1"
"5","3","1","15:00:00",0.633202078237767,0.633202078237767,"F:3-Z:1"
"5","3","1","16:00:00",0.588247075663936,0.588247075663936,"F:3-Z:1"
"5","3","1","17:00:00",0.546780947335657,0.546780947335657,"F:3-Z:1"
"5","3","1","18:00:00",0.508317538644942,0.508317538644942,"F:3-Z:1"
"5","3","1","19:00:00",0.472856849591793,0.472856849591793,"F:3-Z:1"
"5","3","1","20:00:00",0.439798336248696,0.439798336248696,"F:3-Z:1"
"5","3","1","21:00:00",0.408741635997309,0.408741635997309,"F:3-Z:1"
"5","3","1","22:00:00",0.379972722136447,0.379972722136447,"F:3-Z:1"
"5","3","1","23:00:00",0.353119829377651,0.353119829377651,"F:3-Z:1"
"6","1","8","00:00:00",0,0,"F:1-Z:8"
"6","1","8","01:00:00",0,0,"F:1-Z:8"
"6","1","8","02:00:00",0,0,"F:1-Z:8"
"6","1","8","03:00:00",0.00306273605968246,0.00306273605968246,"F:1-Z:8"
"6","1","8","04:00:00",0.00612547211936492,0.00612547211936492,"F:1-Z:8"
"6","1","8","05:00:00",0.0682415878297998,0.0682415878297998,"F:1-Z:8"
"6","1","8","06:00:00",0.619055526063317,0.619055526063317,"F:1-Z:8"
"6","1","8","07:00:00",1.14852602238092,1.14852602238092,"F:1-Z:8"
"6","1","8","08:00:00",0.954616545602277,0.954616545602277,"F:1-Z:8"
"6","1","8","09:00:00",0.681841615286808,0.681841615286808,"F:1-Z:8"
"6","1","8","10:00:00",0.489272085534273,0.489272085534273,"F:1-Z:8"
"6","1","8","11:00:00",0.359105802997768,0.359105802997768,"F:1-Z:8"
"6","1","8","12:00:00",0.274880561356501,0.274880561356501,"F:1-Z:8"
"6","1","8","13:00:00",0.209414578080788,0.209414578080788,"F:1-Z:8"
"6","1","8","14:00:00",0.159070854099758,0.159070854099758,"F:1-Z:8"
"6","1","8","15:00:00",0.123466547405949,0.123466547405949,"F:1-Z:8"
"6","1","8","16:00:00",0.0972418698949181,0.0972418698949181,"F:1-Z:8"
"6","1","8","17:00:00",0.0810667950797201,0.0810667950797201,"F:1-Z:8"
"6","1","8","18:00:00",0.0765684014920615,0.0765684014920615,"F:1-Z:8"
"6","1","8","19:00:00",0.0477595404306734,0.0477595404306734,"F:1-Z:8"
"6","1","8","20:00:00",0.0317758866192055,0.0317758866192055,"F:1-Z:8"
"6","1","8","21:00:00",0.027373203533412,0.027373203533412,"F:1-Z:8"
"6","1","8","22:00:00",0.0162707853170631,0.0162707853170631,"F:1-Z:8"
"6","1","8","23:00:00",0.0053597881044443,0.0053597881044443,"F:1-Z:8"
"6","2","2","00:00:00",0.0356415725868554,0.0356415725868554,"F:2-Z:2"
"6","2","2","01:00:00",0.0330613429111661,0.0330613429111661,"F:2-Z:2"
"6","2","2","02:00:00",0.0303090979237641,0.0303090979237641,"F:2-Z:2"
"6","2","2","03:00:00",0.0275912559987047,0.0275912559987047,"F:2-Z:2"
"6","2","2","04:00:00",0.02098586802894,0.02098586802894,"F:2-Z:2"
"6","2","2","05:00:00",0.0121098779445686,0.0121098779445686,"F:2-Z:2"
"6","2","2","06:00:00",0.0128667453161042,0.0128667453161042,"F:2-Z:2"
"6","2","2","07:00:00",0.0145524953708879,0.0145524953708879,"F:2-Z:2"
"6","2","2","08:00:00",0.0141396586227776,0.0141396586227776,"F:2-Z:2"
"6","2","2","09:00:00",0.0054700869124614,0.0054700869124614,"F:2-Z:2"
"6","2","2","10:00:00",0.00512605628903616,0.00512605628903616,"F:2-Z:2"
"6","2","2","11:00:00",0.00619255122165442,0.00619255122165442,"F:2-Z:2"
"6","2","2","12:00:00",0.0445519657335693,0.0445519657335693,"F:2-Z:2"
"6","2","2","13:00:00",0.176831740440576,0.176831740440576,"F:2-Z:2"
"6","2","2","14:00:00",0.387240869727456,0.387240869727456,"F:2-Z:2"
"6","2","2","15:00:00",0.545838987126494,0.545838987126494,"F:2-Z:2"
"6","2","2","16:00:00",0.713244288485219,0.713244288485219,"F:2-Z:2"
"6","2","2","17:00:00",0.862312757615378,0.862312757615378,"F:2-Z:2"
"6","2","2","18:00:00",0.947632352224838,0.947632352224838,"F:2-Z:2"
"6","2","2","19:00:00",1.0301997018469,1.0301997018469,"F:2-Z:2"
"6","2","2","20:00:00",1.09377656105588,1.09377656105588,"F:2-Z:2"
"6","2","2","21:00:00",1.06363947844383,1.06363947844383,"F:2-Z:2"
"6","2","2","22:00:00",0.905178973294163,0.905178973294163,"F:2-Z:2"
"6","2","2","23:00:00",0.740766738359238,0.740766738359238,"F:2-Z:2"
"6","2","4","00:00:00",0.0363599144398001,0.0363599144398001,"F:2-Z:4"
"6","2","4","01:00:00",0.0334845130427751,0.0334845130427751,"F:2-Z:4"
"6","2","4","02:00:00",0.0304545201727918,0.0304545201727918,"F:2-Z:4"
"6","2","4","03:00:00",0.0275482004811751,0.0275482004811751,"F:2-Z:4"
"6","2","4","04:00:00",0.0190765877630584,0.0190765877630584,"F:2-Z:4"
"6","2","4","05:00:00",0.0127692556663584,0.0127692556663584,"F:2-Z:4"
"6","2","4","06:00:00",0.0134185398527834,0.0134185398527834,"F:2-Z:4"
"6","2","4","07:00:00",0.0144079252797167,0.0144079252797167,"F:2-Z:4"
"6","2","4","08:00:00",0.0125837458988084,0.0125837458988084,"F:2-Z:4"
"6","2","4","09:00:00",0.00476141736711669,0.00476141736711669,"F:2-Z:4"
"6","2","4","10:00:00",0.00426672465365002,0.00426672465365002,"F:2-Z:4"
"6","2","4","11:00:00",0.00578172108864169,0.00578172108864169,"F:2-Z:4"
"6","2","4","12:00:00",0.0533958947598085,0.0533958947598085,"F:2-Z:4"
"6","2","4","13:00:00",0.231237925251076,0.231237925251076,"F:2-Z:4"
"6","2","4","14:00:00",0.447665987392743,0.447665987392743,"F:2-Z:4"
"6","2","4","15:00:00",0.603772456786069,0.603772456786069,"F:2-Z:4"
"6","2","4","16:00:00",0.765784320446403,0.765784320446403,"F:2-Z:4"
"6","2","4","17:00:00",0.884665163151362,0.884665163151362,"F:2-Z:4"
"6","2","4","18:00:00",0.939235953105653,0.939235953105653,"F:2-Z:4"
"6","2","4","19:00:00",1.00608130601284,1.00608130601284,"F:2-Z:4"
"6","2","4","20:00:00",1.05344813332727,1.05344813332727,"F:2-Z:4"
"6","2","4","21:00:00",0.978193004291154,0.978193004291154,"F:2-Z:4"
"6","2","4","22:00:00",0.81822174807387,0.81822174807387,"F:2-Z:4"
"6","2","4","23:00:00",0.674018822098336,0.674018822098336,"F:2-Z:4"
"6","3","1","00:00:00",0.335561068830366,0.335561068830366,"F:3-Z:1"
"6","3","1","01:00:00",0.310252431885175,0.310252431885175,"F:3-Z:1"
"6","3","1","02:00:00",0.287574749289088,0.287574749289088,"F:3-Z:1"
"6","3","1","03:00:00",0.266841685124948,0.266841685124948,"F:3-Z:1"
"6","3","1","04:00:00",0.247824460753703,0.247824460753703,"F:3-Z:1"
"6","3","1","05:00:00",0.330956898719433,0.330956898719433,"F:3-Z:1"
"6","3","1","06:00:00",0.483151888349159,0.483151888349159,"F:3-Z:1"
"6","3","1","07:00:00",0.539460030885974,0.539460030885974,"F:3-Z:1"
"6","3","1","08:00:00",0.444230922380339,0.444230922380339,"F:3-Z:1"
"6","3","1","09:00:00",0.385749382772525,0.385749382772525,"F:3-Z:1"
"6","3","1","10:00:00",0.338620983127694,0.338620983127694,"F:3-Z:1"
"6","3","1","11:00:00",0.296983270820125,0.296983270820125,"F:3-Z:1"
"6","3","1","12:00:00",0.254201665317293,0.254201665317293,"F:3-Z:1"
"6","3","1","13:00:00",0.216338800554092,0.216338800554092,"F:3-Z:1"
"6","3","1","14:00:00",0.315857508541963,0.315857508541963,"F:3-Z:1"
"6","3","1","15:00:00",0.414546893963268,0.414546893963268,"F:3-Z:1"
"6","3","1","16:00:00",0.37711298914829,0.37711298914829,"F:3-Z:1"
"6","3","1","17:00:00",0.306877946959149,0.306877946959149,"F:3-Z:1"
"6","3","1","18:00:00",0.306448987010925,0.306448987010925,"F:3-Z:1"
"6","3","1","19:00:00",0.240760920272955,0.240760920272955,"F:3-Z:1"
"6","3","1","20:00:00",0.22666243664134,0.22666243664134,"F:3-Z:1"
"6","3","1","21:00:00",0.177303445265746,0.177303445265746,"F:3-Z:1"
"6","3","1","22:00:00",0.147247651560214,0.147247651560214,"F:3-Z:1"
"6","3","1","23:00:00",0.140155513749584,0.140155513749584,"F:3-Z:1"
"7","1","8","00:00:00",0.0155051013021425,0.0155051013021425,"F:1-Z:8"
"7","1","8","01:00:00",0.0229705204476184,0.0229705204476184,"F:1-Z:8"
"7","1","8","02:00:00",0.0214391524177772,0.0214391524177772,"F:1-Z:8"
"7","1","8","03:00:00",0.0172278903357138,0.0172278903357138,"F:1-Z:8"
"7","1","8","04:00:00",0.0128252072499203,0.0128252072499203,"F:1-Z:8"
"7","1","8","05:00:00",0.00890107667345215,0.00890107667345215,"F:1-Z:8"
"7","1","8","06:00:00",0.00459410408952369,0.00459410408952369,"F:1-Z:8"
"7","1","8","07:00:00",0.00401984107833323,0.00401984107833323,"F:1-Z:8"
"7","1","8","08:00:00",0.00133994702611108,0.00133994702611108,"F:1-Z:8"
"7","1","8","09:00:00",0,0,"F:1-Z:8"
"7","1","8","10:00:00",0,0,"F:1-Z:8"
"7","1","8","11:00:00",0.00210563104103169,0.00210563104103169,"F:1-Z:8"
"7","1","8","12:00:00",0,0,"F:1-Z:8"
"7","1","8","13:00:00",0,0,"F:1-Z:8"
"7","1","8","14:00:00",0,0,"F:1-Z:8"
"7","1","8","15:00:00",0,0,"F:1-Z:8"
"7","1","8","16:00:00",0,0,"F:1-Z:8"
"7","1","8","17:00:00",0.00775255065107123,0.00775255065107123,"F:1-Z:8"
"7","1","8","18:00:00",0.0264160985147612,0.0264160985147612,"F:1-Z:8"
"7","1","8","19:00:00",0.0200034948898011,0.0200034948898011,"F:1-Z:8"
"7","1","8","20:00:00",0.0294788345744437,0.0294788345744437,"F:1-Z:8"
"7","1","8","21:00:00",0.0514922500034114,0.0514922500034114,"F:1-Z:8"
"7","1","8","22:00:00",0.655999779783237,0.655999779783237,"F:1-Z:8"
"7","1","8","23:00:00",1.22911426495132,1.22911426495132,"F:1-Z:8"
"7","2","2","00:00:00",0.690469461214468,0.690469461214468,"F:2-Z:2"
"7","2","2","01:00:00",0.582134217897858,0.582134217897858,"F:2-Z:2"
"7","2","2","02:00:00",0.456907070971068,0.456907070971068,"F:2-Z:2"
"7","2","2","03:00:00",0.354970797250168,0.354970797250168,"F:2-Z:2"
"7","2","2","04:00:00",0.346714062287962,0.346714062287962,"F:2-Z:2"
"7","2","2","05:00:00",0.549692130108857,0.549692130108857,"F:2-Z:2"
"7","2","2","06:00:00",0.830283506574487,0.830283506574487,"F:2-Z:2"
"7","2","2","07:00:00",1.04919019225997,1.04919019225997,"F:2-Z:2"
"7","2","2","08:00:00",1.12274393954829,1.12274393954829,"F:2-Z:2"
"7","2","2","09:00:00",1.2736357709826,1.2736357709826,"F:2-Z:2"
"7","2","2","10:00:00",1.48631550238409,1.48631550238409,"F:2-Z:2"
"7","2","2","11:00:00",1.72724014796879,1.72724014796879,"F:2-Z:2"
"7","2","2","12:00:00",1.93486262920592,1.93486262920592,"F:2-Z:2"
"7","2","2","13:00:00",2.13759987559042,2.13759987559042,"F:2-Z:2"
"7","2","2","14:00:00",2.39238895529916,2.39238895529916,"F:2-Z:2"
"7","2","2","15:00:00",2.49614859132421,2.49614859132421,"F:2-Z:2"
"7","2","2","16:00:00",2.44426877331168,2.44426877331168,"F:2-Z:2"
"7","2","2","17:00:00",2.38471707239677,2.38471707239677,"F:2-Z:2"
"7","2","2","18:00:00",2.290727906077,2.290727906077,"F:2-Z:2"
"7","2","2","19:00:00",2.1844224434386,2.1844224434386,"F:2-Z:2"
"7","2","2","20:00:00",2.07619040930901,2.07619040930901,"F:2-Z:2"
"7","2","2","21:00:00",1.97105465079026,1.97105465079026,"F:2-Z:2"
"7","2","2","22:00:00",1.72569201016337,1.72569201016337,"F:2-Z:2"
"7","2","2","23:00:00",1.34192584973251,1.34192584973251,"F:2-Z:2"
"7","2","4","00:00:00",0.633763202539986,0.633763202539986,"F:2-Z:4"
"7","2","4","01:00:00",0.52440519456926,0.52440519456926,"F:2-Z:4"
"7","2","4","02:00:00",0.40883260938561,0.40883260938561,"F:2-Z:4"
"7","2","4","03:00:00",0.317314457394276,0.317314457394276,"F:2-Z:4"
"7","2","4","04:00:00",0.325415050577293,0.325415050577293,"F:2-Z:4"
"7","2","4","05:00:00",0.532876807287377,0.532876807287377,"F:2-Z:4"
"7","2","4","06:00:00",0.793487112400536,0.793487112400536,"F:2-Z:4"
"7","2","4","07:00:00",0.976708926150754,0.976708926150754,"F:2-Z:4"
"7","2","4","08:00:00",1.0782136872952,1.0782136872952,"F:2-Z:4"
"7","2","4","09:00:00",1.27265884198219,1.27265884198219,"F:2-Z:4"
"7","2","4","10:00:00",1.51277031778107,1.51277031778107,"F:2-Z:4"
"7","2","4","11:00:00",1.76985593731078,1.76985593731078,"F:2-Z:4"
"7","2","4","12:00:00",1.9723707668862,1.9723707668862,"F:2-Z:4"
"7","2","4","13:00:00",2.18811862654685,2.18811862654685,"F:2-Z:4"
"7","2","4","14:00:00",2.42699337056207,2.42699337056207,"F:2-Z:4"
"7","2","4","15:00:00",2.48032742873269,2.48032742873269,"F:2-Z:4"
"7","2","4","16:00:00",2.35597404788501,2.35597404788501,"F:2-Z:4"
"7","2","4","17:00:00",2.2469252228602,2.2469252228602,"F:2-Z:4"
"7","2","4","18:00:00",2.12816805333361,2.12816805333361,"F:2-Z:4"
"7","2","4","19:00:00",2.00758670442611,2.00758670442611,"F:2-Z:4"
"7","2","4","20:00:00",1.89343636079367,1.89343636079367,"F:2-Z:4"
"7","2","4","21:00:00",1.78856150553874,1.78856150553874,"F:2-Z:4"
"7","2","4","22:00:00",1.55308777392861,1.55308777392861,"F:2-Z:4"
"7","2","4","23:00:00",1.20105207170789,1.20105207170789,"F:2-Z:4"
"7","3","1","00:00:00",0.336247404747524,0.336247404747524,"F:3-Z:1"
"7","3","1","01:00:00",0.310309626544938,0.310309626544938,"F:3-Z:1"
"7","3","1","02:00:00",0.287574749289088,0.287574749289088,"F:3-Z:1"
"7","3","1","03:00:00",0.266841685124948,0.266841685124948,"F:3-Z:1"
"7","3","1","04:00:00",0.208131366878081,0.208131366878081,"F:3-Z:1"
"7","3","1","05:00:00",0.0814737928325986,0.0814737928325986,"F:3-Z:1"
"7","3","1","06:00:00",0.0714647273740484,0.0714647273740484,"F:3-Z:1"
"7","3","1","07:00:00",0.375311357365751,0.375311357365751,"F:3-Z:1"
"7","3","1","08:00:00",0.597684194524855,0.597684194524855,"F:3-Z:1"
"7","3","1","09:00:00",0.732291826277414,0.732291826277414,"F:3-Z:1"
"7","3","1","10:00:00",0.940937945093363,0.940937945093363,"F:3-Z:1"
"7","3","1","11:00:00",1.15942154538857,1.15942154538857,"F:3-Z:1"
"7","3","1","12:00:00",1.35050890365724,1.35050890365724,"F:3-Z:1"
"7","3","1","13:00:00",1.4902354574586,1.4902354574586,"F:3-Z:1"
"7","3","1","14:00:00",1.41359461337599,1.41359461337599,"F:3-Z:1"
"7","3","1","15:00:00",1.29482990237782,1.29482990237782,"F:3-Z:1"
"7","3","1","16:00:00",1.27953033089118,1.27953033089118,"F:3-Z:1"
"7","3","1","17:00:00",1.27541231538823,1.27541231538823,"F:3-Z:1"
"7","3","1","18:00:00",1.18484457165329,1.18484457165329,"F:3-Z:1"
"7","3","1","19:00:00",1.12418963497448,1.12418963497448,"F:3-Z:1"
"7","3","1","20:00:00",1.00353750020412,1.00353750020412,"F:3-Z:1"
"7","3","1","21:00:00",0.939765454568219,0.939765454568219,"F:3-Z:1"
"7","3","1","22:00:00",0.961528022608095,0.961528022608095,"F:3-Z:1"
"7","3","1","23:00:00",1.02244033525584,1.02244033525584,"F:3-Z:1"
"8","1","8","00:00:00",1.23007136996997,1.23007136996997,"F:1-Z:8"
"8","1","8","01:00:00",1.02735652701974,1.02735652701974,"F:1-Z:8"
"8","1","8","02:00:00",0.795354270498789,0.795354270498789,"F:1-Z:8"
"8","1","8","03:00:00",0.593787953570937,0.593787953570937,"F:1-Z:8"
"8","1","8","04:00:00",0.434717099471179,0.434717099471179,"F:1-Z:8"
"8","1","8","05:00:00",0.314600419630508,0.314600419630508,"F:1-Z:8"
"8","1","8","06:00:00",0.300913817863802,0.300913817863802,"F:1-Z:8"
"8","1","8","07:00:00",0.256504144998406,0.256504144998406,"F:1-Z:8"
"8","1","8","08:00:00",0.0985818169210292,0.0985818169210292,"F:1-Z:8"
"8","1","8","09:00:00",0.0354128856900784,0.0354128856900784,"F:1-Z:8"
"8","1","8","10:00:00",0.0120595232349997,0.0120595232349997,"F:1-Z:8"
"8","1","8","11:00:00",0.00210563104103169,0.00210563104103169,"F:1-Z:8"
"8","1","8","12:00:00",0,0,"F:1-Z:8"
"8","1","8","13:00:00",0,0,"F:1-Z:8"
"8","1","8","14:00:00",0,0,"F:1-Z:8"
"8","1","8","15:00:00",0,0,"F:1-Z:8"
"8","1","8","16:00:00",0,0,"F:1-Z:8"
"8","1","8","17:00:00",0.0041155515801983,0.0041155515801983,"F:1-Z:8"
"8","1","8","18:00:00",0.00229705204476184,0.00229705204476184,"F:1-Z:8"
"8","1","8","19:00:00",0.901305796063429,0.901305796063429,"F:1-Z:8"
"8","1","8","20:00:00",1.9946068588682,1.9946068588682,"F:1-Z:8"
"8","1","8","21:00:00",2.38835986354113,2.38835986354113,"F:1-Z:8"
"8","1","8","22:00:00",2.70420451969588,2.70420451969588,"F:1-Z:8"
"8","1","8","23:00:00",3.12092804481643,3.12092804481643,"F:1-Z:8"
"8","2","2","00:00:00",1.06883434085755,1.06883434085755,"F:2-Z:2"
"8","2","2","01:00:00",0.829698654514664,0.829698654514664,"F:2-Z:2"
"8","2","2","02:00:00",0.644128536239087,0.644128536239087,"F:2-Z:2"
"8","2","2","03:00:00",0.499945301961567,0.499945301961567,"F:2-Z:2"
"8","2","2","04:00:00",0.383938175742574,0.383938175742574,"F:2-Z:2"
"8","2","2","05:00:00",0.290155427796852,0.290155427796852,"F:2-Z:2"
"8","2","2","06:00:00",0.256234008327123,0.256234008327123,"F:2-Z:2"
"8","2","2","07:00:00",0.247048390681669,0.247048390681669,"F:2-Z:2"
"8","2","2","08:00:00",0.230741339131312,0.230741339131312,"F:2-Z:2"
"8","2","2","09:00:00",0.209686664977687,0.209686664977687,"F:2-Z:2"
"8","2","2","10:00:00",0.198264848279969,0.198264848279969,"F:2-Z:2"
"8","2","2","11:00:00",0.186326985647113,0.186326985647113,"F:2-Z:2"
"8","2","2","12:00:00",0.138059489180551,0.138059489180551,"F:2-Z:2"
"8","2","2","13:00:00",0.0866269109784768,0.0866269109784768,"F:2-Z:2"
"8","2","2","14:00:00",0.0824985434973739,0.0824985434973739,"F:2-Z:2"
"8","2","2","15:00:00",0.0423845728059902,0.0423845728059902,"F:2-Z:2"
"8","2","2","16:00:00",0.00172015311712622,0.00172015311712622,"F:2-Z:2"
"8","2","2","17:00:00",0.00698382165553249,0.00698382165553249,"F:2-Z:2"
"8","2","2","18:00:00",0.0144836892462028,0.0144836892462028,"F:2-Z:2"
"8","2","2","19:00:00",0.018956087350731,0.018956087350731,"F:2-Z:2"
"8","2","2","20:00:00",0.0234284854552592,0.0234284854552592,"F:2-Z:2"
"8","2","2","21:00:00",0.0272128223129369,0.0272128223129369,"F:2-Z:2"
"8","2","2","22:00:00",0.0267311794401416,0.0267311794401416,"F:2-Z:2"
"8","2","2","23:00:00",0.0205730312808297,0.0205730312808297,"F:2-Z:2"
"8","2","4","00:00:00",0.955931832185153,0.955931832185153,"F:2-Z:4"
"8","2","4","01:00:00",0.741884478727044,0.741884478727044,"F:2-Z:4"
"8","2","4","02:00:00",0.575976909948161,0.575976909948161,"F:2-Z:4"
"8","2","4","03:00:00",0.446923948322543,0.446923948322543,"F:2-Z:4"
"8","2","4","04:00:00",0.340812361283943,0.340812361283943,"F:2-Z:4"
"8","2","4","05:00:00",0.258693370848476,0.258693370848476,"F:2-Z:4"
"8","2","4","06:00:00",0.230897824010568,0.230897824010568,"F:2-Z:4"
"8","2","4","07:00:00",0.222240701524901,0.222240701524901,"F:2-Z:4"
"8","2","4","08:00:00",0.206379616399376,0.206379616399376,"F:2-Z:4"
"8","2","4","09:00:00",0.186993845690401,0.186993845690401,"F:2-Z:4"
"8","2","4","10:00:00",0.176481625529234,0.176481625529234,"F:2-Z:4"
"8","2","4","11:00:00",0.165629304127559,0.165629304127559,"F:2-Z:4"
"8","2","4","12:00:00",0.109605354327459,0.109605354327459,"F:2-Z:4"
"8","2","4","13:00:00",0.077574001130492,0.077574001130492,"F:2-Z:4"
"8","2","4","14:00:00",0.0739874789578586,0.0739874789578586,"F:2-Z:4"
"8","2","4","15:00:00",0.0369164437424502,0.0369164437424502,"F:2-Z:4"
"8","2","4","16:00:00",0.00154591472958333,0.00154591472958333,"F:2-Z:4"
"8","2","4","17:00:00",0.00621457721292502,0.00621457721292502,"F:2-Z:4"
"8","2","4","18:00:00",0.0128620105501334,0.0128620105501334,"F:2-Z:4"
"8","2","4","19:00:00",0.0165722059011334,0.0165722059011334,"F:2-Z:4"
"8","2","4","20:00:00",0.0205297476088667,0.0205297476088667,"F:2-Z:4"
"8","2","4","21:00:00",0.0244254527274168,0.0244254527274168,"F:2-Z:4"
"8","2","4","22:00:00",0.0239925966031334,0.0239925966031334,"F:2-Z:4"
"8","2","4","23:00:00",0.0184273035766334,0.0184273035766334,"F:2-Z:4"
"8","3","1","00:00:00",0.786712545042045,0.786712545042045,"F:3-Z:1"
"8","3","1","01:00:00",0.750708506721147,0.750708506721147,"F:3-Z:1"
"8","3","1","02:00:00",0.702064448592593,0.702064448592593,"F:3-Z:1"
"8","3","1","03:00:00",0.653820753082381,0.653820753082381,"F:3-Z:1"
"8","3","1","04:00:00",0.607922038622458,0.607922038622458,"F:3-Z:1"
"8","3","1","05:00:00",0.464849597224953,0.464849597224953,"F:3-Z:1"
"8","3","1","06:00:00",0.299728614488756,0.299728614488756,"F:3-Z:1"
"8","3","1","07:00:00",0.185768254910692,0.185768254910692,"F:3-Z:1"
"8","3","1","08:00:00",0.175701994792378,0.175701994792378,"F:3-Z:1"
"8","3","1","09:00:00",0.173785973690313,0.173785973690313,"F:3-Z:1"
"8","3","1","10:00:00",0.172413301855998,0.172413301855998,"F:3-Z:1"
"8","3","1","11:00:00",0.166465057240631,0.166465057240631,"F:3-Z:1"
"8","3","1","12:00:00",0.151994808320555,0.151994808320555,"F:3-Z:1"
"8","3","1","13:00:00",0.135694330288059,0.135694330288059,"F:3-Z:1"
"8","3","1","14:00:00",0.00391783419377535,0.00391783419377535,"F:3-Z:1"
"8","3","1","15:00:00",0.13497939704102,0.13497939704102,"F:3-Z:1"
"8","3","1","16:00:00",0.130032058971508,0.130032058971508,"F:3-Z:1"
"8","3","1","17:00:00",0.0915972476106751,0.0915972476106751,"F:3-Z:1"
"8","3","1","18:00:00",0.12188181995526,0.12188181995526,"F:3-Z:1"
"8","3","1","19:00:00",0.0426386188534239,0.0426386188534239,"F:3-Z:1"
"8","3","1","20:00:00",0.185825449570455,0.185825449570455,"F:3-Z:1"
"8","3","1","21:00:00",0.514008407291375,0.514008407291375,"F:3-Z:1"
"8","3","1","22:00:00",0.932072772830076,0.932072772830076,"F:3-Z:1"
"8","3","1","23:00:00",1.23794981324337,1.23794981324337,"F:3-Z:1"
"9","1","8","00:00:00",3.55564514428761,3.55564514428761,"F:1-Z:8"
"9","1","8","01:00:00",3.16055219258857,3.16055219258857,"F:1-Z:8"
"9","1","8","02:00:00",2.91744751785127,2.91744751785127,"F:1-Z:8"
"9","1","8","03:00:00",2.82728822509437,2.82728822509437,"F:1-Z:8"
"9","1","8","04:00:00",2.79283244442294,2.79283244442294,"F:1-Z:8"
"9","1","8","05:00:00",2.83561503875663,2.83561503875663,"F:1-Z:8"
"9","1","8","06:00:00",4.20532803094775,4.20532803094775,"F:1-Z:8"
"9","1","8","07:00:00",5.14616226428145,5.14616226428145,"F:1-Z:8"
"9","1","8","08:00:00",4.5414633134979,4.5414633134979,"F:1-Z:8"
"9","1","8","09:00:00",4.16972372425394,4.16972372425394,"F:1-Z:8"
"9","1","8","10:00:00",3.03306580410429,3.03306580410429,"F:1-Z:8"
"9","1","8","11:00:00",1.76758154844424,1.76758154844424,"F:1-Z:8"
"9","1","8","12:00:00",1.18508743409338,1.18508743409338,"F:1-Z:8"
"9","1","8","13:00:00",0.863117305819263,0.863117305819263,"F:1-Z:8"
"9","1","8","14:00:00",0.652745622719824,0.652745622719824,"F:1-Z:8"
"9","1","8","15:00:00",0.502671555795384,0.502671555795384,"F:1-Z:8"
"9","1","8","16:00:00",0.394327267684117,0.394327267684117,"F:1-Z:8"
"9","1","8","17:00:00",0.331828309966221,0.331828309966221,"F:1-Z:8"
"9","1","8","18:00:00",0.305507921953325,0.305507921953325,"F:1-Z:8"
"9","1","8","19:00:00",0.247794489328684,0.247794489328684,"F:1-Z:8"
"9","1","8","20:00:00",0.208840315069598,0.208840315069598,"F:1-Z:8"
"9","1","8","21:00:00",0.182998479566027,0.182998479566027,"F:1-Z:8"
"9","1","8","22:00:00",0.152371118969202,0.152371118969202,"F:1-Z:8"
"9","1","8","23:00:00",0.0618289842048396,0.0618289842048396,"F:1-Z:8"
"9","2","2","00:00:00",0.0438983075490613,0.0438983075490613,"F:2-Z:2"
"9","2","2","01:00:00",0.0338182102827016,0.0338182102827016,"F:2-Z:2"
"9","2","2","02:00:00",0.0268687916895117,0.0268687916895117,"F:2-Z:2"
"9","2","2","03:00:00",0.0215363170264204,0.0215363170264204,"F:2-Z:2"
"9","2","2","04:00:00",0.0134860004382696,0.0134860004382696,"F:2-Z:2"
"9","2","2","05:00:00",0.00385314298236275,0.00385314298236275,"F:2-Z:2"
"9","2","2","06:00:00",0.0033715001095674,0.0033715001095674,"F:2-Z:2"
"9","2","2","07:00:00",0.00313067867316973,0.00313067867316973,"F:2-Z:2"
"9","2","2","08:00:00",0.00230500517694915,0.00230500517694915,"F:2-Z:2"
"9","2","2","09:00:00",0.0054700869124614,0.0054700869124614,"F:2-Z:2"
"9","2","2","10:00:00",0.00512605628903616,0.00512605628903616,"F:2-Z:2"
"9","2","2","11:00:00",0.00619255122165442,0.00619255122165442,"F:2-Z:2"
"9","2","2","12:00:00",0.0445519657335693,0.0445519657335693,"F:2-Z:2"
"9","2","2","13:00:00",0.0866269109784768,0.0866269109784768,"F:2-Z:2"
"9","2","2","14:00:00",0.0824985434973739,0.0824985434973739,"F:2-Z:2"
"9","2","2","15:00:00",0.114837422099347,0.114837422099347,"F:2-Z:2"
"9","2","2","16:00:00",0.151167055933053,0.151167055933053,"F:2-Z:2"
"9","2","2","17:00:00",0.134137540073503,0.134137540073503,"F:2-Z:2"
"9","2","2","18:00:00",0.119068998767477,0.119068998767477,"F:2-Z:2"
"9","2","2","19:00:00",0.107027926947594,0.107027926947594,"F:2-Z:2"
"9","2","2","20:00:00",0.0961565592473561,0.0961565592473561,"F:2-Z:2"
"9","2","2","21:00:00",0.086179671168024,0.086179671168024,"F:2-Z:2"
"9","2","2","22:00:00",0.0742074054728254,0.0742074054728254,"F:2-Z:2"
"9","2","2","23:00:00",0.0595172978525675,0.0595172978525675,"F:2-Z:2"
"9","2","4","00:00:00",0.0387715414179501,0.0387715414179501,"F:2-Z:4"
"9","2","4","01:00:00",0.0296506445134084,0.0296506445134084,"F:2-Z:4"
"9","2","4","02:00:00",0.0235906587734418,0.0235906587734418,"F:2-Z:4"
"9","2","4","03:00:00",0.0191384243522417,0.0191384243522417,"F:2-Z:4"
"9","2","4","04:00:00",0.0100484457422917,0.0100484457422917,"F:2-Z:4"
"9","2","4","05:00:00",0.00330825752130834,0.00330825752130834,"F:2-Z:4"
"9","2","4","06:00:00",0.00302999286998334,0.00302999286998334,"F:2-Z:4"
"9","2","4","07:00:00",0.00265897333488334,0.00265897333488334,"F:2-Z:4"
"9","2","4","08:00:00",0.00200968914845834,0.00200968914845834,"F:2-Z:4"
"9","2","4","09:00:00",0.00476141736711669,0.00476141736711669,"F:2-Z:4"
"9","2","4","10:00:00",0.00426672465365002,0.00426672465365002,"F:2-Z:4"
"9","2","4","11:00:00",0.00578172108864169,0.00578172108864169,"F:2-Z:4"
"9","2","4","12:00:00",0.0533958947598085,0.0533958947598085,"F:2-Z:4"
"9","2","4","13:00:00",0.077574001130492,0.077574001130492,"F:2-Z:4"
"9","2","4","14:00:00",0.0739874789578586,0.0739874789578586,"F:2-Z:4"
"9","2","4","15:00:00",0.1042564893631,0.1042564893631,"F:2-Z:4"
"9","2","4","16:00:00",0.135916823024967,0.135916823024967,"F:2-Z:4"
"9","2","4","17:00:00",0.120674103791275,0.120674103791275,"F:2-Z:4"
"9","2","4","18:00:00",0.10703913587635,0.10703913587635,"F:2-Z:4"
"9","2","4","19:00:00",0.096403242536817,0.096403242536817,"F:2-Z:4"
"9","2","4","20:00:00",0.0870040809809503,0.0870040809809503,"F:2-Z:4"
"9","2","4","21:00:00",0.077666756014267,0.077666756014267,"F:2-Z:4"
"9","2","4","22:00:00",0.0669071894963669,0.0669071894963669,"F:2-Z:4"
"9","2","4","23:00:00",0.0535504862327669,0.0535504862327669,"F:2-Z:4"
"9","3","1","00:00:00",1.20308966811773,1.20308966811773,"F:3-Z:1"
"9","3","1","01:00:00",1.36709535498855,1.36709535498855,"F:3-Z:1"
"9","3","1","02:00:00",1.58823850696275,1.58823850696275,"F:3-Z:1"
"9","3","1","03:00:00",1.92405695176205,1.92405695176205,"F:3-Z:1"
"9","3","1","04:00:00",2.25209692283356,2.25209692283356,"F:3-Z:1"
"9","3","1","05:00:00",2.3896786768938,2.3896786768938,"F:3-Z:1"
"9","3","1","06:00:00",2.60627485341683,2.60627485341683,"F:3-Z:1"
"9","3","1","07:00:00",2.70313400972571,2.70313400972571,"F:3-Z:1"
"9","3","1","08:00:00",2.61814274531768,2.61814274531768,"F:3-Z:1"
"9","3","1","09:00:00",2.48954055284025,2.48954055284025,"F:3-Z:1"
"9","3","1","10:00:00",2.36371230136133,2.36371230136133,"F:3-Z:1"
"9","3","1","11:00:00",2.1429409146756,2.1429409146756,"F:3-Z:1"
"9","3","1","12:00:00",1.96666697328559,1.96666697328559,"F:3-Z:1"
"9","3","1","13:00:00",1.83208793886291,1.83208793886291,"F:3-Z:1"
"9","3","1","14:00:00",1.58209008103821,1.58209008103821,"F:3-Z:1"
"9","3","1","15:00:00",1.35854475335396,1.35854475335396,"F:3-Z:1"
"9","3","1","16:00:00",1.29783262201538,1.29783262201538,"F:3-Z:1"
"9","3","1","17:00:00",1.29062609488523,1.29062609488523,"F:3-Z:1"
"9","3","1","18:00:00",1.24604285759986,1.24604285759986,"F:3-Z:1"
"9","3","1","19:00:00",1.1125219243828,1.1125219243828,"F:3-Z:1"
"9","3","1","20:00:00",0.836185925737165,0.836185925737165,"F:3-Z:1"
"9","3","1","21:00:00",0.657910171255445,0.657910171255445,"F:3-Z:1"
"9","3","1","22:00:00",0.537944372402251,0.537944372402251,"F:3-Z:1"
"9","3","1","23:00:00",0.496649828053261,0.496649828053261,"F:3-Z:1"
"10","1","8","00:00:00",0.0258418355035708,0.0258418355035708,"F:1-Z:8"
"10","1","8","01:00:00",0.00957105018650769,0.00957105018650769,"F:1-Z:8"
"10","1","8","02:00:00",0.00325415706341261,0.00325415706341261,"F:1-Z:8"
"10","1","8","03:00:00",0,0,"F:1-Z:8"
"10","1","8","04:00:00",0,0,"F:1-Z:8"
"10","1","8","05:00:00",0.000861394516785692,0.000861394516785692,"F:1-Z:8"
"10","1","8","06:00:00",0.0312016236080151,0.0312016236080151,"F:1-Z:8"
"10","1","8","07:00:00",0.0637431942421412,0.0637431942421412,"F:1-Z:8"
"10","1","8","08:00:00",0.0568520381078557,0.0568520381078557,"F:1-Z:8"
"10","1","8","09:00:00",0.0449839358765861,0.0449839358765861,"F:1-Z:8"
"10","1","8","10:00:00",0.0367528327161895,0.0367528327161895,"F:1-Z:8"
"10","1","8","11:00:00",0.0296702555781738,0.0296702555781738,"F:1-Z:8"
"10","1","8","12:00:00",0.027373203533412,0.027373203533412,"F:1-Z:8"
"10","1","8","13:00:00",0.0222048364326978,0.0222048364326978,"F:1-Z:8"
"10","1","8","14:00:00",0.0172278903357138,0.0172278903357138,"F:1-Z:8"
"10","1","8","15:00:00",0.0128252072499203,0.0128252072499203,"F:1-Z:8"
"10","1","8","16:00:00",0.00995389219396799,0.00995389219396799,"F:1-Z:8"
"10","1","8","17:00:00",0.00411555158019831,0.00411555158019831,"F:1-Z:8"
"10","1","8","18:00:00",0.00229705204476184,0.00229705204476184,"F:1-Z:8"
"10","1","8","19:00:00",0.0200034948898011,0.0200034948898011,"F:1-Z:8"
"10","1","8","20:00:00",0.0294788345744437,0.0294788345744437,"F:1-Z:8"
"10","1","8","21:00:00",0.027373203533412,0.027373203533412,"F:1-Z:8"
"10","1","8","22:00:00",0.0162707853170631,0.0162707853170631,"F:1-Z:8"
"10","1","8","23:00:00",0.0053597881044443,0.0053597881044443,"F:1-Z:8"
"10","2","2","00:00:00",0.0189216842883885,0.0189216842883885,"F:2-Z:2"
"10","2","2","01:00:00",0.0159974239892739,0.0159974239892739,"F:2-Z:2"
"10","2","2","02:00:00",0.013382791251242,0.013382791251242,"F:2-Z:2"
"10","2","2","03:00:00",0.0114218166977181,0.0114218166977181,"F:2-Z:2"
"10","2","2","04:00:00",0.0138300310616949,0.0138300310616949,"F:2-Z:2"
"10","2","2","05:00:00",0.0193345210364988,0.0193345210364988,"F:2-Z:2"
"10","2","2","06:00:00",0.0185088475402782,0.0185088475402782,"F:2-Z:2"
"10","2","2","07:00:00",0.0188184751013609,0.0188184751013609,"F:2-Z:2"
"10","2","2","08:00:00",0.0168230974854945,0.0168230974854945,"F:2-Z:2"
"10","2","2","09:00:00",0.0213643017147077,0.0213643017147077,"F:2-Z:2"
"10","2","2","10:00:00",0.0181992199791955,0.0181992199791955,"F:2-Z:2"
"10","2","2","11:00:00",0.0169951127972071,0.0169951127972071,"F:2-Z:2"
"10","2","2","12:00:00",0.0534279558179406,0.0534279558179406,"F:2-Z:2"
"10","2","2","13:00:00",0.0939891663197771,0.0939891663197771,"F:2-Z:2"
"10","2","2","14:00:00",0.0885534824696582,0.0885534824696582,"F:2-Z:2"
"10","2","2","15:00:00",0.119860269201356,0.119860269201356,"F:2-Z:2"
"10","2","2","16:00:00",0.155295423414156,0.155295423414156,"F:2-Z:2"
"10","2","2","17:00:00",0.137509040183071,0.137509040183071,"F:2-Z:2"
"10","2","2","18:00:00",0.121752437630194,0.121752437630194,"F:2-Z:2"
"10","2","2","19:00:00",0.109504947436256,0.109504947436256,"F:2-Z:2"
"10","2","2","20:00:00",0.0979455184891674,0.0979455184891674,"F:2-Z:2"
"10","2","2","21:00:00",0.0878310181604652,0.0878310181604652,"F:2-Z:2"
"10","2","2","22:00:00",0.0755147218418414,0.0755147218418414,"F:2-Z:2"
"10","2","2","23:00:00",0.060342971348788,0.060342971348788,"F:2-Z:2"
"10","2","4","00:00:00",0.0172524083821501,0.0172524083821501,"F:2-Z:4"
"10","2","4","01:00:00",0.0147480265202251,0.0147480265202251,"F:2-Z:4"
"10","2","4","02:00:00",0.0124600727204417,0.0124600727204417,"F:2-Z:4"
"10","2","4","03:00:00",0.0107286482233084,0.0107286482233084,"F:2-Z:4"
"10","2","4","04:00:00",0.0151808826445084,0.0151808826445084,"F:2-Z:4"
"10","2","4","05:00:00",0.0182108755144917,0.0182108755144917,"F:2-Z:4"
"10","2","4","06:00:00",0.0177471010956167,0.0177471010956167,"F:2-Z:4"
"10","2","4","07:00:00",0.0176234279172501,0.0176234279172501,"F:2-Z:4"
"10","2","4","08:00:00",0.0149953728769584,0.0149953728769584,"F:2-Z:4"
"10","2","4","09:00:00",0.0187983231117334,0.0187983231117334,"F:2-Z:4"
"10","2","4","10:00:00",0.0158301668309334,0.0158301668309334,"F:2-Z:4"
"10","2","4","11:00:00",0.0154900655904251,0.0154900655904251,"F:2-Z:4"
"10","2","4","12:00:00",0.0614346513536419,0.0614346513536419,"F:2-Z:4"
"10","2","4","13:00:00",0.0841286795839253,0.0841286795839253,"F:2-Z:4"
"10","2","4","14:00:00",0.0794909353951753,0.0794909353951753,"F:2-Z:4"
"10","2","4","15:00:00",0.108832396962667,0.108832396962667,"F:2-Z:4"
"10","2","4","16:00:00",0.139627018375967,0.139627018375967,"F:2-Z:4"
"10","2","4","17:00:00",0.123642260072075,0.123642260072075,"F:2-Z:4"
"10","2","4","18:00:00",0.1094507628545,0.1094507628545,"F:2-Z:4"
"10","2","4","19:00:00",0.098629359747417,0.098629359747417,"F:2-Z:4"
"10","2","4","20:00:00",0.0885499957105337,0.0885499957105337,"F:2-Z:4"
"10","2","4","21:00:00",0.0791508341546669,0.0791508341546669,"F:2-Z:4"
"10","2","4","22:00:00",0.0680820846908503,0.0680820846908503,"F:2-Z:4"
"10","2","4","23:00:00",0.0542925253029669,0.0542925253029669,"F:2-Z:4"
"10","3","1","00:00:00",0.253715510709307,0.253715510709307,"F:3-Z:1"
"10","3","1","01:00:00",0.235098648956403,0.235098648956403,"F:3-Z:1"
"10","3","1","02:00:00",0.218197626996394,0.218197626996394,"F:3-Z:1"
"10","3","1","03:00:00",0.202497692891411,0.202497692891411,"F:3-Z:1"
"10","3","1","04:00:00",0.188113235960981,0.188113235960981,"F:3-Z:1"
"10","3","1","05:00:00",0.0814737928325986,0.0814737928325986,"F:3-Z:1"
"10","3","1","06:00:00",0.0714647273740484,0.0714647273740484,"F:3-Z:1"
"10","3","1","07:00:00",0.185768254910692,0.185768254910692,"F:3-Z:1"
"10","3","1","08:00:00",0.175701994792378,0.175701994792378,"F:3-Z:1"
"10","3","1","09:00:00",0.173785973690313,0.173785973690313,"F:3-Z:1"
"10","3","1","10:00:00",0.172413301855998,0.172413301855998,"F:3-Z:1"
"10","3","1","11:00:00",0.166465057240631,0.166465057240631,"F:3-Z:1"
"10","3","1","12:00:00",0.151994808320555,0.151994808320555,"F:3-Z:1"
"10","3","1","13:00:00",0.135694330288059,0.135694330288059,"F:3-Z:1"
"10","3","1","14:00:00",0.250712791071742,0.250712791071742,"F:3-Z:1"
"10","3","1","15:00:00",0.361641833682359,0.361641833682359,"F:3-Z:1"
"10","3","1","16:00:00",0.334445772964985,0.334445772964985,"F:3-Z:1"
"10","3","1","17:00:00",0.273476265657473,0.273476265657473,"F:3-Z:1"
"10","3","1","18:00:00",0.282198451271352,0.282198451271352,"F:3-Z:1"
"10","3","1","19:00:00",0.221829487891354,0.221829487891354,"F:3-Z:1"
"10","3","1","20:00:00",0.211791825102922,0.211791825102922,"F:3-Z:1"
"10","3","1","21:00:00",0.165521345354539,0.165521345354539,"F:3-Z:1"
"10","3","1","22:00:00",0.137467364740717,0.137467364740717,"F:3-Z:1"
"10","3","1","23:00:00",0.131004368187481,0.131004368187481,"F:3-Z:1"
"11","1","8","00:00:00",0.00354128856900784,0.00354128856900784,"F:1-Z:8"
"11","1","8","01:00:00",0.00143565752797615,0.00143565752797615,"F:1-Z:8"
"11","1","8","02:00:00",0,0,"F:1-Z:8"
"11","1","8","03:00:00",0,0,"F:1-Z:8"
"11","1","8","04:00:00",0,0,"F:1-Z:8"
"11","1","8","05:00:00",0,0,"F:1-Z:8"
"11","1","8","06:00:00",0,0,"F:1-Z:8"
"11","1","8","07:00:00",0,0,"F:1-Z:8"
"11","1","8","08:00:00",0,0,"F:1-Z:8"
"11","1","8","09:00:00",0,0,"F:1-Z:8"
"11","1","8","10:00:00",0,0,"F:1-Z:8"
"11","1","8","11:00:00",0.101644552980712,0.101644552980712,"F:1-Z:8"
"11","1","8","12:00:00",0.730941102743592,0.730941102743592,"F:1-Z:8"
"11","1","8","13:00:00",1.57242783514135,1.57242783514135,"F:1-Z:8"
"11","1","8","14:00:00",2.39745236121831,2.39745236121831,"F:1-Z:8"
"11","1","8","15:00:00",3.13959159268012,3.13959159268012,"F:1-Z:8"
"11","1","8","16:00:00",3.79128439987942,3.79128439987942,"F:1-Z:8"
"11","1","8","17:00:00",5.43013532331514,5.43013532331514,"F:1-Z:8"
"11","1","8","18:00:00",5.86131113421731,5.86131113421731,"F:1-Z:8"
"11","1","8","19:00:00",4.49523514109706,4.49523514109706,"F:1-Z:8"
"11","1","8","20:00:00",3.78630745378244,3.78630745378244,"F:1-Z:8"
"11","1","8","21:00:00",3.12035378180524,3.12035378180524,"F:1-Z:8"
"11","1","8","22:00:00",2.35313839885478,2.35313839885478,"F:1-Z:8"
"11","1","8","23:00:00",1.71321798338488,1.71321798338488,"F:1-Z:8"
"11","2","2","00:00:00",0.791924092062573,0.791924092062573,"F:2-Z:2"
"11","2","2","01:00:00",0.709115921004116,0.709115921004116,"F:2-Z:2"
"11","2","2","02:00:00",0.635458964528771,0.635458964528771,"F:2-Z:2"
"11","2","2","03:00:00",0.569921130766262,0.569921130766262,"F:2-Z:2"
"11","2","2","04:00:00",0.511470327846313,0.511470327846313,"F:2-Z:2"
"11","2","2","05:00:00",0.460209764955951,0.460209764955951,"F:2-Z:2"
"11","2","2","06:00:00",0.436506055001951,0.436506055001951,"F:2-Z:2"
"11","2","2","07:00:00",0.388238558535389,0.388238558535389,"F:2-Z:2"
"11","2","2","08:00:00",0.323836025830184,0.323836025830184,"F:2-Z:2"
"11","2","2","09:00:00",0.271474564944861,0.271474564944861,"F:2-Z:2"
"11","2","2","10:00:00",0.228505140079048,0.228505140079048,"F:2-Z:2"
"11","2","2","11:00:00",0.0344718684672096,0.0344718684672096,"F:2-Z:2"
"11","2","2","12:00:00",1.10936114829705,1.10936114829705,"F:2-Z:2"
"11","2","2","13:00:00",2.26341187457703,2.26341187457703,"F:2-Z:2"
"11","2","2","14:00:00",3.22790172734971,3.22790172734971,"F:2-Z:2"
"11","2","2","15:00:00",4.001316971872,4.001316971872,"F:2-Z:2"
"11","2","2","16:00:00",4.64427580399144,4.64427580399144,"F:2-Z:2"
"11","2","2","17:00:00",5.56318159916027,5.56318159916027,"F:2-Z:2"
"11","2","2","18:00:00",6.07355102901163,6.07355102901163,"F:2-Z:2"
"11","2","2","19:00:00",5.83200712830476,5.83200712830476,"F:2-Z:2"
"11","2","2","20:00:00",5.70148190977722,5.70148190977722,"F:2-Z:2"
"11","2","2","21:00:00",4.92555524170392,4.92555524170392,"F:2-Z:2"
"11","2","2","22:00:00",3.80439384302339,3.80439384302339,"F:2-Z:2"
"11","2","2","23:00:00",2.89295351238289,2.89295351238289,"F:2-Z:2"
"11","2","4","00:00:00",0.774626952699619,0.774626952699619,"F:2-Z:4"
"11","2","4","01:00:00",0.696279994204336,0.696279994204336,"F:2-Z:4"
"11","2","4","02:00:00",0.625353426411052,0.625353426411052,"F:2-Z:4"
"11","2","4","03:00:00",0.561723576141402,0.561723576141402,"F:2-Z:4"
"11","2","4","04:00:00",0.504710240914368,0.504710240914368,"F:2-Z:4"
"11","2","4","05:00:00",0.453973319489443,0.453973319489443,"F:2-Z:4"
"11","2","4","06:00:00",0.435824280564135,0.435824280564135,"F:2-Z:4"
"11","2","4","07:00:00",0.364217510289835,0.364217510289835,"F:2-Z:4"
"11","2","4","08:00:00",0.304730711495468,0.304730711495468,"F:2-Z:4"
"11","2","4","09:00:00",0.256374498754101,0.256374498754101,"F:2-Z:4"
"11","2","4","10:00:00",0.216675408498401,0.216675408498401,"F:2-Z:4"
"11","2","4","11:00:00",0.536679757522152,0.536679757522152,"F:2-Z:4"
"11","2","4","12:00:00",1.87024763984992,1.87024763984992,"F:2-Z:4"
"11","2","4","13:00:00",2.90996805037849,2.90996805037849,"F:2-Z:4"
"11","2","4","14:00:00",3.63673348305021,3.63673348305021,"F:2-Z:4"
"11","2","4","15:00:00",4.11847143108297,4.11847143108297,"F:2-Z:4"
"11","2","4","16:00:00",4.91498853635349,4.91498853635349,"F:2-Z:4"
"11","2","4","17:00:00",5.85332785891599,5.85332785891599,"F:2-Z:4"
"11","2","4","18:00:00",6.34647465765307,6.34647465765307,"F:2-Z:4"
"11","2","4","19:00:00",6.1170609117829,6.1170609117829,"F:2-Z:4"
"11","2","4","20:00:00",5.81752447377884,5.81752447377884,"F:2-Z:4"
"11","2","4","21:00:00",4.43312691514237,4.43312691514237,"F:2-Z:4"
"11","2","4","22:00:00",3.35580985839033,3.35580985839033,"F:2-Z:4"
"11","2","4","23:00:00",2.54018524706216,2.54018524706216,"F:2-Z:4"
"11","3","1","00:00:00",0.0494733806951195,0.0494733806951195,"F:3-Z:1"
"11","3","1","01:00:00",0.0459845064495678,0.0459845064495678,"F:3-Z:1"
"11","3","1","02:00:00",0.0427244108430686,0.0427244108430686,"F:3-Z:1"
"11","3","1","03:00:00",0.0397216912055035,0.0397216912055035,"F:3-Z:1"
"11","3","1","04:00:00",0.036947750206991,0.036947750206991,"F:3-Z:1"
"11","3","1","05:00:00",0.0343167958578864,0.0343167958578864,"F:3-Z:1"
"11","3","1","06:00:00",0.033744849260255,0.033744849260255,"F:3-Z:1"
"11","3","1","07:00:00",0.03019878035494,0.03019878035494,"F:3-Z:1"
"11","3","1","08:00:00",0.0235927971522969,0.0235927971522969,"F:3-Z:1"
"11","3","1","09:00:00",0.0185882644230218,0.0185882644230218,"F:3-Z:1"
"11","3","1","10:00:00",0.0147276248890096,0.0147276248890096,"F:3-Z:1"
"11","3","1","11:00:00",0.0674039065308652,0.0674039065308652,"F:3-Z:1"
"11","3","1","12:00:00",0.382889649784367,0.382889649784367,"F:3-Z:1"
"11","3","1","13:00:00",0.676813006307165,0.676813006307165,"F:3-Z:1"
"11","3","1","14:00:00",1.14658134427175,1.14658134427175,"F:3-Z:1"
"11","3","1","15:00:00",1.55626669215515,1.55626669215515,"F:3-Z:1"
"11","3","1","16:00:00",1.88639426830802,1.88639426830802,"F:3-Z:1"
"11","3","1","17:00:00",2.45776891934182,2.45776891934182,"F:3-Z:1"
"11","3","1","18:00:00",3.14007261298625,3.14007261298625,"F:3-Z:1"
"11","3","1","19:00:00",3.68336468607635,3.68336468607635,"F:3-Z:1"
"11","3","1","20:00:00",4.2037788952612,4.2037788952612,"F:3-Z:1"
"11","3","1","21:00:00",4.2390108056753,4.2390108056753,"F:3-Z:1"
"11","3","1","22:00:00",3.9494342432945,3.9494342432945,"F:3-Z:1"
"11","3","1","23:00:00",3.66835108788853,3.66835108788853,"F:3-Z:1"
"12","1","8","00:00:00",1.22691292340842,1.22691292340842,"F:1-Z:8"
"12","1","8","01:00:00",0.881780853682953,0.881780853682953,"F:1-Z:8"
"12","1","8","02:00:00",0.633986364354269,0.633986364354269,"F:1-Z:8"
"12","1","8","03:00:00",0.455390567874036,0.455390567874036,"F:1-Z:8"
"12","1","8","04:00:00",0.328478442400944,0.328478442400944,"F:1-Z:8"
"12","1","8","05:00:00",0.2367877816142,0.2367877816142,"F:1-Z:8"
"12","1","8","06:00:00",0.171130377334757,0.171130377334757,"F:1-Z:8"
"12","1","8","07:00:00",0.12423223142087,0.12423223142087,"F:1-Z:8"
"12","1","8","08:00:00",0.0895850297457119,0.0895850297457119,"F:1-Z:8"
"12","1","8","09:00:00",0.0648917202645221,0.0648917202645221,"F:1-Z:8"
"12","1","8","10:00:00",0.0474724089250781,0.0474724089250781,"F:1-Z:8"
"12","1","8","11:00:00",0.0172278903357138,0.0172278903357138,"F:1-Z:8"
"12","1","8","12:00:00",0.0123466547405949,0.0123466547405949,"F:1-Z:8"
"12","1","8","13:00:00",0.0090924976771823,0.0090924976771823,"F:1-Z:8"
"12","1","8","14:00:00",0.0066040246286903,0.0066040246286903,"F:1-Z:8"
"12","1","8","15:00:00",0.00488123559511892,0.00488123559511892,"F:1-Z:8"
"12","1","8","16:00:00",0.00344557806714277,0.00344557806714277,"F:1-Z:8"
"12","1","8","17:00:00",0.00239276254662692,0.00239276254662692,"F:1-Z:8"
"12","1","8","18:00:00",0.00191421003730154,0.00191421003730154,"F:1-Z:8"
"12","1","8","19:00:00",0.00105281552051585,0.00105281552051585,"F:1-Z:8"
"12","1","8","20:00:00",0,0,"F:1-Z:8"
"12","1","8","21:00:00",0,0,"F:1-Z:8"
"12","1","8","22:00:00",0,0,"F:1-Z:8"
"12","1","8","23:00:00",0,0,"F:1-Z:8"
"12","2","2","00:00:00",1.75562267440137,1.75562267440137,"F:2-Z:2"
"12","2","2","01:00:00",1.27078031680817,1.27078031680817,"F:2-Z:2"
"12","2","2","02:00:00",0.903252401802982,0.903252401802982,"F:2-Z:2"
"12","2","2","03:00:00",0.626066928509262,0.626066928509262,"F:2-Z:2"
"12","2","2","04:00:00",0.418169222773386,0.418169222773386,"F:2-Z:2"
"12","2","2","05:00:00",0.26246096261112,0.26246096261112,"F:2-Z:2"
"12","2","2","06:00:00",0.125433565300845,0.125433565300845,"F:2-Z:2"
"12","2","2","07:00:00",0.0487491393393573,0.0487491393393573,"F:2-Z:2"
"12","2","2","08:00:00",0.016135036238644,0.016135036238644,"F:2-Z:2"
"12","2","2","09:00:00",0.00705262778021753,0.00705262778021753,"F:2-Z:2"
"12","2","2","10:00:00",0.0227748272707512,0.0227748272707512,"F:2-Z:2"
"12","2","2","11:00:00",0.101007391037652,0.101007391037652,"F:2-Z:2"
"12","2","2","12:00:00",0.226647374712552,0.226647374712552,"F:2-Z:2"
"12","2","2","13:00:00",0.273469942560728,0.273469942560728,"F:2-Z:2"
"12","2","2","14:00:00",0.314581602060044,0.314581602060044,"F:2-Z:2"
"12","2","2","15:00:00",0.369729710995111,0.369729710995111,"F:2-Z:2"
"12","2","2","16:00:00",0.408777186753877,0.408777186753877,"F:2-Z:2"
"12","2","2","17:00:00",0.448822351320575,0.448822351320575,"F:2-Z:2"
"12","2","2","18:00:00",0.458283193464769,0.458283193464769,"F:2-Z:2"
"12","2","2","19:00:00",0.427010809795415,0.427010809795415,"F:2-Z:2"
"12","2","2","20:00:00",0.414212870603996,0.414212870603996,"F:2-Z:2"
"12","2","2","21:00:00",0.410222115372263,0.410222115372263,"F:2-Z:2"
"12","2","2","22:00:00",0.397871415991296,0.397871415991296,"F:2-Z:2"
"12","2","2","23:00:00",0.376782338775329,0.376782338775329,"F:2-Z:2"
"12","2","4","00:00:00",1.50479339777642,1.50479339777642,"F:2-Z:4"
"12","2","4","01:00:00",1.07540012248735,1.07540012248735,"F:2-Z:4"
"12","2","4","02:00:00",0.751561904934236,0.751561904934236,"F:2-Z:4"
"12","2","4","03:00:00",0.508482272854552,0.508482272854552,"F:2-Z:4"
"12","2","4","04:00:00",0.327115556779835,0.327115556779835,"F:2-Z:4"
"12","2","4","05:00:00",0.192590057011492,0.192590057011492,"F:2-Z:4"
"12","2","4","06:00:00",0.0669690260855503,0.0669690260855503,"F:2-Z:4"
"12","2","4","07:00:00",0.0268370797055668,0.0268370797055668,"F:2-Z:4"
"12","2","4","08:00:00",0.000618365891833309,0.000618365891833309,"F:2-Z:4"
"12","2","4","09:00:00",0.0197877085386667,0.0197877085386667,"F:2-Z:4"
"12","2","4","10:00:00",0.0326497190888001,0.0326497190888001,"F:2-Z:4"
"12","2","4","11:00:00",0.174935710799651,0.174935710799651,"F:2-Z:4"
"12","2","4","12:00:00",0.221065806330418,0.221065806330418,"F:2-Z:4"
"12","2","4","13:00:00",0.260393877051018,0.260393877051018,"F:2-Z:4"
"12","2","4","14:00:00",0.420983499160135,0.420983499160135,"F:2-Z:4"
"12","2","4","15:00:00",0.670030362096011,0.670030362096011,"F:2-Z:4"
"12","2","4","16:00:00",0.47468857686586,0.47468857686586,"F:2-Z:4"
"12","2","4","17:00:00",0.457714433135035,0.457714433135035,"F:2-Z:4"
"12","2","4","18:00:00",0.460806262594202,0.460806262594202,"F:2-Z:4"
"12","2","4","19:00:00",0.430320824126818,0.430320824126818,"F:2-Z:4"
"12","2","4","20:00:00",0.422467577300535,0.422467577300535,"F:2-Z:4"
"12","2","4","21:00:00",0.422714923657268,0.422714923657268,"F:2-Z:4"
"12","2","4","22:00:00",0.409791076517952,0.409791076517952,"F:2-Z:4"
"12","2","4","23:00:00",0.385798479914818,0.385798479914818,"F:2-Z:4"
"12","3","1","00:00:00",3.67950404654234,3.67950404654234,"F:3-Z:1"
"12","3","1","01:00:00",3.4193255392798,3.4193255392798,"F:3-Z:1"
"12","3","1","02:00:00",3.17790688041957,3.17790688041957,"F:3-Z:1"
"12","3","1","03:00:00",2.95396119011698,2.95396119011698,"F:3-Z:1"
"12","3","1","04:00:00",2.74574403124925,2.74574403124925,"F:3-Z:1"
"12","3","1","05:00:00",2.55345558512556,2.55345558512556,"F:3-Z:1"
"12","3","1","06:00:00",2.37254887629474,2.37254887629474,"F:3-Z:1"
"12","3","1","07:00:00",2.20737069889878,2.20737069889878,"F:3-Z:1"
"12","3","1","08:00:00",2.05823562356638,2.05823562356638,"F:3-Z:1"
"12","3","1","09:00:00",1.91859486175467,1.91859486175467,"F:3-Z:1"
"12","3","1","10:00:00",1.78816244016482,1.78816244016482,"F:3-Z:1"
"12","3","1","11:00:00",1.58746637905594,1.58746637905594,"F:3-Z:1"
"12","3","1","12:00:00",1.16079421722289,1.16079421722289,"F:3-Z:1"
"12","3","1","13:00:00",0.762147438673775,0.762147438673775,"F:3-Z:1"
"12","3","1","14:00:00",0.670607385722863,0.670607385722863,"F:3-Z:1"
"12","3","1","15:00:00",0.624737268592822,0.624737268592822,"F:3-Z:1"
"12","3","1","16:00:00",0.581841273770464,0.581841273770464,"F:3-Z:1"
"12","3","1","17:00:00",0.541290259998395,0.541290259998395,"F:3-Z:1"
"12","3","1","18:00:00",0.503284408585786,0.503284408585786,"F:3-Z:1"
"12","3","1","19:00:00",0.467938108852163,0.467938108852163,"F:3-Z:1"
"12","3","1","20:00:00",0.434993984828592,0.434993984828592,"F:3-Z:1"
"12","3","1","21:00:00",0.404337647195546,0.404337647195546,"F:3-Z:1"
"12","3","1","22:00:00",0.375854706633501,0.375854706633501,"F:3-Z:1"
"12","3","1","23:00:00",0.349402176493047,0.349402176493047,"F:3-Z:1"
"13","1","8","00:00:00",0,0,"F:1-Z:8"
"13","1","8","01:00:00",0,0,"F:1-Z:8"
"13","1","8","02:00:00",0,0,"F:1-Z:8"
"13","1","8","03:00:00",0,0,"F:1-Z:8"
"13","1","8","04:00:00",0,0,"F:1-Z:8"
"13","1","8","05:00:00",0.000861394516785692,0.000861394516785692,"F:1-Z:8"
"13","1","8","06:00:00",0.00459410408952369,0.00459410408952369,"F:1-Z:8"
"13","1","8","07:00:00",0.00401984107833323,0.00401984107833323,"F:1-Z:8"
"13","1","8","08:00:00",0.00133994702611108,0.00133994702611108,"F:1-Z:8"
"13","1","8","09:00:00",0,0,"F:1-Z:8"
"13","1","8","10:00:00",0,0,"F:1-Z:8"
"13","1","8","11:00:00",0.00210563104103169,0.00210563104103169,"F:1-Z:8"
"13","1","8","12:00:00",0,0,"F:1-Z:8"
"13","1","8","13:00:00",0,0,"F:1-Z:8"
"13","1","8","14:00:00",0,0,"F:1-Z:8"
"13","1","8","15:00:00",0,0,"F:1-Z:8"
"13","1","8","16:00:00",0,0,"F:1-Z:8"
"13","1","8","17:00:00",0.00449839358765861,0.00449839358765861,"F:1-Z:8"
"13","1","8","18:00:00",0.00459410408952369,0.00459410408952369,"F:1-Z:8"
"13","1","8","19:00:00",0.0268946510240866,0.0268946510240866,"F:1-Z:8"
"13","1","8","20:00:00",0.0363699907087292,0.0363699907087292,"F:1-Z:8"
"13","1","8","21:00:00",0.0340729386639674,0.0340729386639674,"F:1-Z:8"
"13","1","8","22:00:00",0.0208648894065868,0.0208648894065868,"F:1-Z:8"
"13","1","8","23:00:00",0.00880536617158707,0.00880536617158707,"F:1-Z:8"
"13","2","2","00:00:00",0.0132107759395294,0.0132107759395294,"F:2-Z:2"
"13","2","2","01:00:00",0.0113186075106906,0.0113186075106906,"F:2-Z:2"
"13","2","2","02:00:00",0.00973606664293445,0.00973606664293445,"F:2-Z:2"
"13","2","2","03:00:00",0.00860076558563114,0.00860076558563114,"F:2-Z:2"
"13","2","2","04:00:00",0.0114906228224032,0.0114906228224032,"F:2-Z:2"
"13","2","2","05:00:00",0.0176831740440576,0.0176831740440576,"F:2-Z:2"
"13","2","2","06:00:00",0.016857500547837,0.016857500547837,"F:2-Z:2"
"13","2","2","07:00:00",0.0171671281089197,0.0171671281089197,"F:2-Z:2"
"13","2","2","08:00:00",0.0155157811164786,0.0155157811164786,"F:2-Z:2"
"13","2","2","09:00:00",0.160283867453822,0.160283867453822,"F:2-Z:2"
"13","2","2","10:00:00",0.74706249876792,0.74706249876792,"F:2-Z:2"
"13","2","2","11:00:00",1.25185863251978,1.25185863251978,"F:2-Z:2"
"13","2","2","12:00:00",1.60603815933607,1.60603815933607,"F:2-Z:2"
"13","2","2","13:00:00",1.90283337816503,1.90283337816503,"F:2-Z:2"
"13","2","2","14:00:00",2.15638394762944,2.15638394762944,"F:2-Z:2"
"13","2","2","15:00:00",2.3535134948521,2.3535134948521,"F:2-Z:2"
"13","2","2","16:00:00",2.52759299030528,2.52759299030528,"F:2-Z:2"
"13","2","2","17:00:00",2.65312976479315,2.65312976479315,"F:2-Z:2"
"13","2","2","18:00:00",2.36662106160461,2.36662106160461,"F:2-Z:2"
"13","2","2","19:00:00",1.98729289621593,1.98729289621593,"F:2-Z:2"
"13","2","2","20:00:00",1.64119808905013,1.64119808905013,"F:2-Z:2"
"13","2","2","21:00:00",1.32503394612233,1.32503394612233,"F:2-Z:2"
"13","2","2","22:00:00",1.05923588646399,1.05923588646399,"F:2-Z:2"
"13","2","2","23:00:00",0.8615214871815,0.8615214871815,"F:2-Z:2"
"13","2","4","00:00:00",0.0121818080691167,0.0121818080691167,"F:2-Z:4"
"13","2","4","01:00:00",0.0105431384557584,0.0105431384557584,"F:2-Z:4"
"13","2","4","02:00:00",0.00918273349372504,0.00918273349372504,"F:2-Z:4"
"13","2","4","03:00:00",0.0081933480667917,0.0081933480667917,"F:2-Z:4"
"13","2","4","04:00:00",0.0131402752014584,0.0131402752014584,"F:2-Z:4"
"13","2","4","05:00:00",0.0167267973740917,0.0167267973740917,"F:2-Z:4"
"13","2","4","06:00:00",0.0162630229552167,0.0162630229552167,"F:2-Z:4"
"13","2","4","07:00:00",0.0161393497768501,0.0161393497768501,"F:2-Z:4"
"13","2","4","08:00:00",0.0138823142716584,0.0138823142716584,"F:2-Z:4"
"13","2","4","09:00:00",0.178213050026367,0.178213050026367,"F:2-Z:4"
"13","2","4","10:00:00",0.715634846618719,0.715634846618719,"F:2-Z:4"
"13","2","4","11:00:00",1.12700275616085,1.12700275616085,"F:2-Z:4"
"13","2","4","12:00:00",1.42406573059758,1.42406573059758,"F:2-Z:4"
"13","2","4","13:00:00",1.71803687557515,1.71803687557515,"F:2-Z:4"
"13","2","4","14:00:00",1.919685992902,1.919685992902,"F:2-Z:4"
"13","2","4","15:00:00",2.10318607130354,2.10318607130354,"F:2-Z:4"
"13","2","4","16:00:00",2.27472076969811,2.27472076969811,"F:2-Z:4"
"13","2","4","17:00:00",2.38203817022578,2.38203817022578,"F:2-Z:4"
"13","2","4","18:00:00",2.13336232682501,2.13336232682501,"F:2-Z:4"
"13","2","4","19:00:00",1.78478947359856,1.78478947359856,"F:2-Z:4"
"13","2","4","20:00:00",1.44858393820877,1.44858393820877,"F:2-Z:4"
"13","2","4","21:00:00",1.18670598301735,1.18670598301735,"F:2-Z:4"
"13","2","4","22:00:00",0.94919164396417,0.94919164396417,"F:2-Z:4"
"13","2","4","23:00:00",0.776234704018386,0.776234704018386,"F:2-Z:4"
"13","3","1","00:00:00",0.317430361685449,0.317430361685449,"F:3-Z:1"
"13","3","1","01:00:00",0.304647355228386,0.304647355228386,"F:3-Z:1"
"13","3","1","02:00:00",0.476889073105094,0.476889073105094,"F:3-Z:1"
"13","3","1","03:00:00",0.761117934798039,0.761117934798039,"F:3-Z:1"
"13","3","1","04:00:00",1.02601500149104,1.02601500149104,"F:3-Z:1"
"13","3","1","05:00:00",1.10468625599524,1.10468625599524,"F:3-Z:1"
"13","3","1","06:00:00",1.16577015262228,1.16577015262228,"F:3-Z:1"
"13","3","1","07:00:00",1.18753272066216,1.18753272066216,"F:3-Z:1"
"13","3","1","08:00:00",1.31461925465586,1.31461925465586,"F:3-Z:1"
"13","3","1","09:00:00",1.37996415343526,1.37996415343526,"F:3-Z:1"
"13","3","1","10:00:00",1.36229100356845,1.36229100356845,"F:3-Z:1"
"13","3","1","11:00:00",1.34650527747382,1.34650527747382,"F:3-Z:1"
"13","3","1","12:00:00",1.34227287265134,1.34227287265134,"F:3-Z:1"
"13","3","1","13:00:00",1.27941594157165,1.27941594157165,"F:3-Z:1"
"13","3","1","14:00:00",0.912111836572739,0.912111836572739,"F:3-Z:1"
"13","3","1","15:00:00",0.569601616581151,0.569601616581151,"F:3-Z:1"
"13","3","1","16:00:00",0.409656750553519,0.409656750553519,"F:3-Z:1"
"13","3","1","17:00:00",0.315228367284568,0.315228367284568,"F:3-Z:1"
"13","3","1","18:00:00",0.162661612366381,0.162661612366381,"F:3-Z:1"
"13","3","1","19:00:00",0.0995473053177521,0.0995473053177521,"F:3-Z:1"
"13","3","1","20:00:00",0.0343167958578864,0.0343167958578864,"F:3-Z:1"
"13","3","1","21:00:00",0.0256804022336516,0.0256804022336516,"F:3-Z:1"
"13","3","1","22:00:00",0.0230780452144286,0.0230780452144286,"F:3-Z:1"
"13","3","1","23:00:00",0.0245079117085072,0.0245079117085072,"F:3-Z:1"
"31","1","8","00:00:00",0,0,"F:1-Z:8"
"31","1","8","01:00:00",0,0,"F:1-Z:8"
"31","1","8","02:00:00",0,0,"F:1-Z:8"
"31","1","8","03:00:00",0,0,"F:1-Z:8"
"31","1","8","04:00:00",0,0,"F:1-Z:8"
"31","1","8","05:00:00",0.000861394516785692,0.000861394516785692,"F:1-Z:8"
"31","1","8","06:00:00",0.00459410408952369,0.00459410408952369,"F:1-Z:8"
"31","1","8","07:00:00",0.00401984107833323,0.00401984107833323,"F:1-Z:8"
"31","1","8","08:00:00",0.00133994702611108,0.00133994702611108,"F:1-Z:8"
"31","1","8","09:00:00",0,0,"F:1-Z:8"
"31","1","8","10:00:00",0,0,"F:1-Z:8"
"31","1","8","11:00:00",0.00210563104103169,0.00210563104103169,"F:1-Z:8"
"31","1","8","12:00:00",0,0,"F:1-Z:8"
"31","1","8","13:00:00",0,0,"F:1-Z:8"
"31","1","8","14:00:00",0,0,"F:1-Z:8"
"31","1","8","15:00:00",0,0,"F:1-Z:8"
"31","1","8","16:00:00",0,0,"F:1-Z:8"
"31","1","8","17:00:00",0.00449839358765861,0.00449839358765861,"F:1-Z:8"
"31","1","8","18:00:00",0.00459410408952369,0.00459410408952369,"F:1-Z:8"
"31","1","8","19:00:00",0.0268946510240866,0.0268946510240866,"F:1-Z:8"
"31","1","8","20:00:00",0.0363699907087292,0.0363699907087292,"F:1-Z:8"
"31","1","8","21:00:00",0.0340729386639674,0.0340729386639674,"F:1-Z:8"
"31","1","8","22:00:00",0.0208648894065868,0.0208648894065868,"F:1-Z:8"
"31","1","8","23:00:00",0.00880536617158707,0.00880536617158707,"F:1-Z:8"
"31","2","2","00:00:00",0.0193345210364988,0.0193345210364988,"F:2-Z:2"
"31","2","2","01:00:00",0.0159974239892739,0.0159974239892739,"F:2-Z:2"
"31","2","2","02:00:00",0.013382791251242,0.013382791251242,"F:2-Z:2"
"31","2","2","03:00:00",0.0114218166977181,0.0114218166977181,"F:2-Z:2"
"31","2","2","04:00:00",0.0138300310616949,0.0138300310616949,"F:2-Z:2"
"31","2","2","05:00:00",0.0193345210364988,0.0193345210364988,"F:2-Z:2"
"31","2","2","06:00:00",0.0185088475402782,0.0185088475402782,"F:2-Z:2"
"31","2","2","07:00:00",0.0188184751013609,0.0188184751013609,"F:2-Z:2"
"31","2","2","08:00:00",0.0168230974854945,0.0168230974854945,"F:2-Z:2"
"31","2","2","09:00:00",0.0213643017147077,0.0213643017147077,"F:2-Z:2"
"31","2","2","10:00:00",0.0181992199791955,0.0181992199791955,"F:2-Z:2"
"31","2","2","11:00:00",0.0169951127972071,0.0169951127972071,"F:2-Z:2"
"31","2","2","12:00:00",0.0534279558179406,0.0534279558179406,"F:2-Z:2"
"31","2","2","13:00:00",0.0939891663197771,0.0939891663197771,"F:2-Z:2"
"31","2","2","14:00:00",0.0885534824696582,0.0885534824696582,"F:2-Z:2"
"31","2","2","15:00:00",0.119860269201356,0.119860269201356,"F:2-Z:2"
"31","2","2","16:00:00",0.155295423414156,0.155295423414156,"F:2-Z:2"
"31","2","2","17:00:00",0.137509040183071,0.137509040183071,"F:2-Z:2"
"31","2","2","18:00:00",0.121752437630194,0.121752437630194,"F:2-Z:2"
"31","2","2","19:00:00",0.109504947436256,0.109504947436256,"F:2-Z:2"
"31","2","2","20:00:00",0.0979455184891674,0.0979455184891674,"F:2-Z:2"
"31","2","2","21:00:00",0.0878310181604652,0.0878310181604652,"F:2-Z:2"
"31","2","2","22:00:00",0.0755147218418414,0.0755147218418414,"F:2-Z:2"
"31","2","2","23:00:00",0.060342971348788,0.060342971348788,"F:2-Z:2"
"31","2","4","00:00:00",0.0176852645064334,0.0176852645064334,"F:2-Z:4"
"31","2","4","01:00:00",0.0147480265202251,0.0147480265202251,"F:2-Z:4"
"31","2","4","02:00:00",0.0124600727204417,0.0124600727204417,"F:2-Z:4"
"31","2","4","03:00:00",0.0107286482233084,0.0107286482233084,"F:2-Z:4"
"31","2","4","04:00:00",0.0151808826445084,0.0151808826445084,"F:2-Z:4"
"31","2","4","05:00:00",0.0182108755144917,0.0182108755144917,"F:2-Z:4"
"31","2","4","06:00:00",0.0177471010956167,0.0177471010956167,"F:2-Z:4"
"31","2","4","07:00:00",0.0176234279172501,0.0176234279172501,"F:2-Z:4"
"31","2","4","08:00:00",0.0149953728769584,0.0149953728769584,"F:2-Z:4"
"31","2","4","09:00:00",0.0187983231117334,0.0187983231117334,"F:2-Z:4"
"31","2","4","10:00:00",0.0158301668309334,0.0158301668309334,"F:2-Z:4"
"31","2","4","11:00:00",0.0154900655904251,0.0154900655904251,"F:2-Z:4"
"31","2","4","12:00:00",0.0614346513536419,0.0614346513536419,"F:2-Z:4"
"31","2","4","13:00:00",0.0841286795839253,0.0841286795839253,"F:2-Z:4"
"31","2","4","14:00:00",0.0794909353951753,0.0794909353951753,"F:2-Z:4"
"31","2","4","15:00:00",0.108832396962667,0.108832396962667,"F:2-Z:4"
"31","2","4","16:00:00",0.139627018375967,0.139627018375967,"F:2-Z:4"
"31","2","4","17:00:00",0.123642260072075,0.123642260072075,"F:2-Z:4"
"31","2","4","18:00:00",0.1094507628545,0.1094507628545,"F:2-Z:4"
"31","2","4","19:00:00",0.098629359747417,0.098629359747417,"F:2-Z:4"
"31","2","4","20:00:00",0.0885499957105337,0.0885499957105337,"F:2-Z:4"
"31","2","4","21:00:00",0.0791508341546669,0.0791508341546669,"F:2-Z:4"
"31","2","4","22:00:00",0.0680820846908503,0.0680820846908503,"F:2-Z:4"
"31","2","4","23:00:00",0.0542925253029669,0.0542925253029669,"F:2-Z:4"
"31","3","1","00:00:00",0.336247404747524,0.336247404747524,"F:3-Z:1"
"31","3","1","01:00:00",0.310309626544938,0.310309626544938,"F:3-Z:1"
"31","3","1","02:00:00",0.287574749289088,0.287574749289088,"F:3-Z:1"
"31","3","1","03:00:00",0.266841685124948,0.266841685124948,"F:3-Z:1"
"31","3","1","04:00:00",0.247824460753703,0.247824460753703,"F:3-Z:1"
"31","3","1","05:00:00",0.330956898719433,0.330956898719433,"F:3-Z:1"
"31","3","1","06:00:00",0.483151888349159,0.483151888349159,"F:3-Z:1"
"31","3","1","07:00:00",0.539460030885974,0.539460030885974,"F:3-Z:1"
"31","3","1","08:00:00",0.444230922380339,0.444230922380339,"F:3-Z:1"
"31","3","1","09:00:00",0.385749382772525,0.385749382772525,"F:3-Z:1"
"31","3","1","10:00:00",0.338620983127694,0.338620983127694,"F:3-Z:1"
"31","3","1","11:00:00",0.296983270820125,0.296983270820125,"F:3-Z:1"
"31","3","1","12:00:00",0.254201665317293,0.254201665317293,"F:3-Z:1"
"31","3","1","13:00:00",0.216338800554092,0.216338800554092,"F:3-Z:1"
"31","3","1","14:00:00",0.315857508541963,0.315857508541963,"F:3-Z:1"
"31","3","1","15:00:00",0.414546893963268,0.414546893963268,"F:3-Z:1"
"31","3","1","16:00:00",0.37711298914829,0.37711298914829,"F:3-Z:1"
"31","3","1","17:00:00",0.306877946959149,0.306877946959149,"F:3-Z:1"
"31","3","1","18:00:00",0.306448987010925,0.306448987010925,"F:3-Z:1"
"31","3","1","19:00:00",0.240760920272955,0.240760920272955,"F:3-Z:1"
"31","3","1","20:00:00",0.22666243664134,0.22666243664134,"F:3-Z:1"
"31","3","1","21:00:00",0.177303445265746,0.177303445265746,"F:3-Z:1"
"31","3","1","22:00:00",0.147247651560214,0.147247651560214,"F:3-Z:1"
"31","3","1","23:00:00",0.140155513749584,0.140155513749584,"F:3-Z:1"
